1,0000000,WORLD WIDE - WORLD WIDE,00,1,20230221,20230221
2,1AE00000,United Arab Emirates - Ajman,AE,3,20230221,20230221
3,1AE00100,United Arab Emirates - Abu Dhabi,AE,3,20230221,20230221
4,1AE00200,United Arab Emirates - Dubai,AE,3,20230221,20230221
5,1AE00300,United Arab Emirates - Fujairah,AE,3,20230221,20230221
6,1AE00400,United Arab Emirates - Ras al-Khaimah,AE,3,20230221,20230221
7,1AE00500,United Arab Emirates - Sharjah,AE,3,20230221,20230221
8,1AE00600,United Arab Emirates - Umm al-Quwain,AE,3,20230221,20230221
9,1EG0000,Egypt - Misr El Kadima,EG,67,20230221,20230221
10,1EG0100,Egypt - Al Saieda Zainab,EG,67,20230221,20230221
11,1EG0200,Egypt - Al Khalifa,EG,67,20230221,20230221
12,1EG0300,Egypt - Abdeen,EG,67,20230221,20230221
13,1EG0400,Egypt - Al Mousky,EG,67,20230221,20230221
14,1EG0500,Egypt - Kasr Al Nile,EG,67,20230221,20230221
15,1EG0600,Egypt - Bolak,EG,67,20230221,20230221
16,1EG0700,Egypt - Al Uzbakia,EG,67,20230221,20230221
17,1EG0800,Egypt - Al Darb Al Ahmar,EG,67,20230221,20230221
18,1EG0900,Egypt - Al Gamalia,EG,67,20230221,20230221
19,1EG1000,Egypt - Bab Al Sheiria,EG,67,20230221,20230221
20,1EG10000,Egypt - Aga,EG,67,20230221,20230221
21,1EG10100,Egypt - Al Senbelaween,EG,67,20230221,20230221
22,1EG10300,Egypt - Al Manzala,EG,67,20230221,20230221
23,1EG10400,Egypt - Belkas,EG,67,20230221,20230221
24,1EG10500,Egypt - Dekernis,EG,67,20230221,20230221
25,1EG10600,Egypt - Sherbeen,EG,67,20230221,20230221
26,1EG10700,Egypt - Talkha,EG,67,20230221,20230221
27,1EG10800,Egypt - Met Ghamr,EG,67,20230221,20230221
28,1EG1100,Egypt - Al Dahier,EG,67,20230221,20230221
29,1EG11000,Egypt - Meniat Al Nasr,EG,67,20230221,20230221
30,1EG11200,Egypt - Tamy Almaded,EG,67,20230221,20230221
31,1EG11300,Egypt - Met Salseel,EG,67,20230221,20230221
32,1EG11400,Egypt - Bani Abied,EG,67,20230221,20230221
33,1EG11500,Egypt - Mahala Demna,EG,67,20230221,20230221
34,1EG11600,Egypt - Gamasa,EG,67,20230221,20230221
35,1EG11700,Egypt - Nebrowa,EG,67,20230221,20230221
36,1EG11800,Egypt - Zakazik First,EG,67,20230221,20230221
37,1EG11900,Egypt - Zakazik Second,EG,67,20230221,20230221
38,1EG1200,Egypt - Al Sharabia,EG,67,20230221,20230221
39,1EG12000,Egypt - Zakazik,EG,67,20230221,20230221
40,1EG12100,Egypt - Abu Hamad,EG,67,20230221,20230221
41,1EG12200,Egypt - Abu Kebier,EG,67,20230221,20230221
42,1EG12300,Egypt - Al Husainia,EG,67,20230221,20230221
43,1EG12400,Egypt - New Salhia,EG,67,20230221,20230221
44,1EG12500,Egypt - Belbees,EG,67,20230221,20230221
45,1EG12600,Egypt - 10th of Ramadan First,EG,67,20230221,20230221
46,1EG12700,Egypt - Derb Neg,EG,67,20230221,20230221
47,1EG12800,Egypt - Fakous,EG,67,20230221,20230221
48,1EG1300,Egypt - Shoubra,EG,67,20230221,20230221
49,1EG13000,Egypt - Kafr Sakr,EG,67,20230221,20230221
50,1EG13100,Egypt - Menia Al Kamh,EG,67,20230221,20230221
51,1EG13200,Egypt - Hehia,EG,67,20230221,20230221
52,1EG13300,Egypt - Mashtoul Al Souk,EG,67,20230221,20230221
53,1EG13400,Egypt - Al Ebrahimia,EG,67,20230221,20230221
54,1EG13500,Egypt - Al Qenayat,EG,67,20230221,20230221
55,1EG13600,Egypt - Sakr Suns,EG,67,20230221,20230221
56,1EG13700,Egypt - Al Qarien,EG,67,20230221,20230221
57,1EG13800,Egypt - 10th of Ramadan Second,EG,67,20230221,20230221
58,1EG13900,Egypt - Banha,EG,67,20230221,20230221
59,1EG1400,Egypt - Rod Al Farag,EG,67,20230221,20230221
60,1EG14100,Egypt - Al Khanka,EG,67,20230221,20230221
61,1EG14200,Egypt - Al Kanater Al Khairiea,EG,67,20230221,20230221
62,1EG14300,Egypt - Shebeen Al Kanater,EG,67,20230221,20230221
63,1EG14400,Egypt - Shoubra Al Khiema First,EG,67,20230221,20230221
64,1EG14500,Egypt - Shoubra Al Khiema Second,EG,67,20230221,20230221
65,1EG14600,Egypt - Toukh,EG,67,20230221,20230221
66,1EG14700,Egypt - Kalioub,EG,67,20230221,20230221
67,1EG14900,Egypt - Kafr Shokr,EG,67,20230221,20230221
68,1EG1500,Egypt - Al Saheel,EG,67,20230221,20230221
69,1EG15000,Egypt - Al Khosos,EG,67,20230221,20230221
70,1EG15100,Egypt - Al Obor,EG,67,20230221,20230221
71,1EG15200,Egypt - Kaha,EG,67,20230221,20230221
72,1EG15300,Egypt - Kafr Al Shiekh,EG,67,20230221,20230221
73,1EG15500,Egypt - Al Boroloos,EG,67,20230221,20230221
74,1EG15600,Egypt - Bella,EG,67,20230221,20230221
75,1EG15700,Egypt - Dosook,EG,67,20230221,20230221
76,1EG15900,Egypt - Sedi Salem,EG,67,20230221,20230221
77,1EG1600,Egypt - Al Waily,EG,67,20230221,20230221
78,1EG16000,Egypt - Foh,EG,67,20230221,20230221
79,1EG16100,Egypt - Qaleen,EG,67,20230221,20230221
80,1EG16200,Egypt - Motobas,EG,67,20230221,20230221
81,1EG16300,Egypt - Al Hamool,EG,67,20230221,20230221
82,1EG16400,Egypt - Al Riadh,EG,67,20230221,20230221
83,1EG16500,Egypt - Tanta First,EG,67,20230221,20230221
84,1EG16600,Egypt - Tanta Second,EG,67,20230221,20230221
85,1EG16700,Egypt - Tanta,EG,67,20230221,20230221
86,1EG16800,Egypt - Al Santa,EG,67,20230221,20230221
87,1EG16900,Egypt - Greater Mahala First,EG,67,20230221,20230221
88,1EG1700,Egypt - Hadaiek Al Koba,EG,67,20230221,20230221
89,1EG17000,Egypt - Greater Mahala Second,EG,67,20230221,20230221
90,1EG17100,Egypt - Greater Mahala,EG,67,20230221,20230221
91,1EG17200,Egypt - Basioun,EG,67,20230221,20230221
92,1EG17300,Egypt - Zefta,EG,67,20230221,20230221
93,1EG17400,Egypt - Samanoud,EG,67,20230221,20230221
94,1EG17500,Egypt - Katour,EG,67,20230221,20230221
95,1EG17600,Egypt - Kafr Al Zaiat,EG,67,20230221,20230221
96,1EG17700,Egypt - Shebeen Al Kom,EG,67,20230221,20230221
97,1EG17900,Egypt - Ashmon,EG,67,20230221,20230221
98,1EG1800,Egypt - Al Zaytoun,EG,67,20230221,20230221
99,1EG18000,Egypt - Al Bagour,EG,67,20230221,20230221
100,1EG18100,Egypt - Al Shohadaa,EG,67,20230221,20230221
101,1EG18200,Egypt - Berkat Al Sabaa,EG,67,20230221,20230221
102,1EG18300,Egypt - Tela,EG,67,20230221,20230221
103,1EG18400,Egypt - Koisna,EG,67,20230221,20230221
104,1EG18500,Egypt - Menouf,EG,67,20230221,20230221
105,1EG18600,Egypt - Sers Al Liana,EG,67,20230221,20230221
106,1EG18700,Egypt - Sadat City,EG,67,20230221,20230221
107,1EG18800,Egypt - Menouf City,EG,67,20230221,20230221
108,1EG18900,Egypt - Damanhour,EG,67,20230221,20230221
109,1EG1900,Egypt - Al Mataria,EG,67,20230221,20230221
110,1EG19000,Egypt - Damnhour,EG,67,20230221,20230221
111,1EG19100,Egypt - Abu Al Matameer,EG,67,20230221,20230221
112,1EG19200,Egypt - Abu Homos,EG,67,20230221,20230221
113,1EG19300,Egypt - Al Delengat,EG,67,20230221,20230221
114,1EG19400,Egypt - Al Mahmoudia,EG,67,20230221,20230221
115,1EG19500,Egypt - Etay Al Baroud,EG,67,20230221,20230221
116,1EG19600,Egypt - Housh Issa,EG,67,20230221,20230221
117,1EG19700,Egypt - Rasheed,EG,67,20230221,20230221
118,1EG19800,Egypt - Shoubra Khet,EG,67,20230221,20230221
119,1EG19900,Egypt - Kafr Al Dawar,EG,67,20230221,20230221
120,1EG2000,Egypt - Nasr City 1,EG,67,20230221,20230221
121,1EG20100,Egypt - Kom Hamada,EG,67,20230221,20230221
122,1EG20200,Egypt - Wady Al Natroun,EG,67,20230221,20230221
123,1EG20300,Egypt - Al Rahmania,EG,67,20230221,20230221
124,1EG20400,Egypt - Edco,EG,67,20230221,20230221
125,1EG20500,Egypt - Nubaria West,EG,67,20230221,20230221
126,1EG20600,Egypt - Badr,EG,67,20230221,20230221
127,1EG20700,Egypt - Ismailia First,EG,67,20230221,20230221
128,1EG20800,Egypt - Ismailia Second,EG,67,20230221,20230221
129,1EG20900,Egypt - Ismailia Third,EG,67,20230221,20230221
130,1EG2100,Egypt - Nasr City 2,EG,67,20230221,20230221
131,1EG21000,Egypt - Ismailia,EG,67,20230221,20230221
132,1EG21100,Egypt - Al Tal Al Kabeer,EG,67,20230221,20230221
133,1EG21200,Egypt - Al Kantara,EG,67,20230221,20230221
134,1EG21300,Egypt - Faied,EG,67,20230221,20230221
135,1EG21400,Egypt - Al Kantara East,EG,67,20230221,20230221
136,1EG21600,Egypt - Al Agouza,EG,67,20230221,20230221
137,1EG21700,Egypt - Al Doki,EG,67,20230221,20230221
138,1EG21900,Egypt - Bolak Al Dakrour,EG,67,20230221,20230221
139,1EG2200,Egypt - Heliopolis,EG,67,20230221,20230221
140,1EG22000,Egypt - Al Omrania,EG,67,20230221,20230221
141,1EG22100,Egypt - Bani Suief,EG,67,20230221,20230221
142,1EG22300,Egypt - New Bani Suief City,EG,67,20230221,20230221
143,1EG22400,Egypt - Al Feshn,EG,67,20230221,20230221
144,1EG22500,Egypt - Al Wasta,EG,67,20230221,20230221
145,1EG22600,Egypt - Ahnasia,EG,67,20230221,20230221
146,1EG22700,Egypt - Bba,EG,67,20230221,20230221
147,1EG22800,Egypt - Samasta,EG,67,20230221,20230221
148,1EG22900,Egypt - Naser,EG,67,20230221,20230221
149,1EG2300,Egypt - Al Nozha,EG,67,20230221,20230221
150,1EG23000,Egypt - Fayoum,EG,67,20230221,20230221
151,1EG23200,Egypt - Ebshoway,EG,67,20230221,20230221
152,1EG23300,Egypt - Atsah,EG,67,20230221,20230221
153,1EG23400,Egypt - Sanouras,EG,67,20230221,20230221
154,1EG23500,Egypt - Tamia,EG,67,20230221,20230221
155,1EG23600,Egypt - Youssief Al Sedik,EG,67,20230221,20230221
156,1EG23700,Egypt - Menia,EG,67,20230221,20230221
157,1EG23900,Egypt - New Menia,EG,67,20230221,20230221
158,1EG2400,Egypt - Ain Shams,EG,67,20230221,20230221
159,1EG24000,Egypt - Abu Korkas,EG,67,20230221,20230221
160,1EG24100,Egypt - Al Adoua,EG,67,20230221,20230221
161,1EG24200,Egypt - Bani Mazar,EG,67,20230221,20230221
162,1EG24300,Egypt - Deer Mawas,EG,67,20230221,20230221
163,1EG24400,Egypt - Samaloot,EG,67,20230221,20230221
164,1EG24500,Egypt - Matay,EG,67,20230221,20230221
165,1EG24600,Egypt - Maghagha,EG,67,20230221,20230221
166,1EG24700,Egypt - Malawy,EG,67,20230221,20230221
167,1EG24900,Egypt - Assiut 1,EG,67,20230221,20230221
168,1EG2500,Egypt - Al Zawia Al Hamraa,EG,67,20230221,20230221
169,1EG25000,Egypt - Assiut 2,EG,67,20230221,20230221
170,1EG25100,Egypt - Assiut,EG,67,20230221,20230221
171,1EG25200,Egypt - Abnob,EG,67,20230221,20230221
172,1EG25300,Egypt - Abu Teg,EG,67,20230221,20230221
173,1EG25400,Egypt - Al Badrawy,EG,67,20230221,20230221
174,1EG25500,Egypt - Sahel Salim,EG,67,20230221,20230221
175,1EG25600,Egypt - Al Ghanaiem,EG,67,20230221,20230221
176,1EG25700,Egypt - Al Kossia,EG,67,20230221,20230221
177,1EG25800,Egypt - Dirot,EG,67,20230221,20230221
178,1EG25900,Egypt - Sadafa,EG,67,20230221,20230221
179,1EG2600,Egypt - Al Salam,EG,67,20230221,20230221
180,1EG26000,Egypt - Manfalout,EG,67,20230221,20230221
181,1EG26100,Egypt - Al Fath,EG,67,20230221,20230221
182,1EG26200,Egypt - New Assiut,EG,67,20230221,20230221
183,1EG26300,Egypt - Suhag First,EG,67,20230221,20230221
184,1EG26400,Egypt - Suhag Second,EG,67,20230221,20230221
185,1EG26500,Egypt - Suhag,EG,67,20230221,20230221
186,1EG26600,Egypt - Akhmeem,EG,67,20230221,20230221
187,1EG26700,Egypt - Al Balina,EG,67,20230221,20230221
188,1EG26800,Egypt - Al Maragha,EG,67,20230221,20230221
189,1EG26900,Egypt - Al Monshaat,EG,67,20230221,20230221
190,1EG2700,Egypt - Al Zamalik,EG,67,20230221,20230221
191,1EG27000,Egypt - Dar Al Salam,EG,67,20230221,20230221
192,1EG27100,Egypt - Gerga City,EG,67,20230221,20230221
193,1EG27200,Egypt - Gerga,EG,67,20230221,20230221
194,1EG27300,Egypt - West Juhaina,EG,67,20230221,20230221
195,1EG27400,Egypt - Sakaltah,EG,67,20230221,20230221
196,1EG27500,Egypt - Tamah,EG,67,20230221,20230221
197,1EG27600,Egypt - Tahta,EG,67,20230221,20230221
198,1EG27800,Egypt - Al Kawthar,EG,67,20230221,20230221
199,1EG27900,Egypt - Al Ossirat,EG,67,20230221,20230221
200,1EG2800,Egypt - Monshait Nasir,EG,67,20230221,20230221
201,1EG28000,Egypt - New Suhag,EG,67,20230221,20230221
202,1EG28100,Egypt - Qena,EG,67,20230221,20230221
203,1EG28300,Egypt - Abu Tesht,EG,67,20230221,20230221
204,1EG28400,Egypt - Deshna,EG,67,20230221,20230221
205,1EG28500,Egypt - Qoss,EG,67,20230221,20230221
206,1EG28600,Egypt - Nagaa Hamady,EG,67,20230221,20230221
207,1EG28700,Egypt - Nakada,EG,67,20230221,20230221
208,1EG28800,Egypt - Farshout,EG,67,20230221,20230221
209,1EG28900,Egypt - Keft,EG,67,20230221,20230221
210,1EG2900,Egypt - Al Bassatin,EG,67,20230221,20230221
211,1EG29000,Egypt - Al Wakf,EG,67,20230221,20230221
212,1EG29100,Egypt - Aswan,EG,67,20230221,20230221
213,1EG29300,Egypt - Edfo,EG,67,20230221,20230221
214,1EG29400,Egypt - Kom Ombo,EG,67,20230221,20230221
215,1EG29500,Egypt - Nasr,EG,67,20230221,20230221
216,1EG29600,Egypt - Deraw,EG,67,20230221,20230221
217,1EG29700,Egypt - Abu Sunbol,EG,67,20230221,20230221
218,1EG29800,Egypt - New Toshka,EG,67,20230221,20230221
219,1EG29900,Egypt - Luxor,EG,67,20230221,20230221
220,1EG3000,Egypt - Al Marg,EG,67,20230221,20230221
221,1EG30100,Egypt - Teba Police,EG,67,20230221,20230221
222,1EG30200,Egypt - Armant,EG,67,20230221,20230221
223,1EG30300,Egypt - Esna,EG,67,20230221,20230221
224,1EG30400,Egypt - Hurghada First,EG,67,20230221,20230221
225,1EG30500,Egypt - Al Qusir,EG,67,20230221,20230221
226,1EG30600,Egypt - Safaga,EG,67,20230221,20230221
227,1EG30700,Egypt - Marsa Alam,EG,67,20230221,20230221
228,1EG30800,Egypt - Ras Ghareeb,EG,67,20230221,20230221
229,1EG30900,Egypt - Al Shalateen,EG,67,20230221,20230221
230,1EG3100,Egypt - Al Montazah,EG,67,20230221,20230221
231,1EG31000,Egypt - Hallaib,EG,67,20230221,20230221
232,1EG31100,Egypt - Hurghada Second,EG,67,20230221,20230221
233,1EG31200,Egypt - Al Kharga Police,EG,67,20230221,20230221
234,1EG31300,Egypt - Al Dakhla Police,EG,67,20230221,20230221
235,1EG31400,Egypt - Al Farafra Police,EG,67,20230221,20230221
236,1EG31500,Egypt - Paris Police,EG,67,20230221,20230221
237,1EG31600,Egypt - Mersa Matrouh,EG,67,20230221,20230221
238,1EG31700,Egypt - Al Ahamam,EG,67,20230221,20230221
239,1EG31800,Egypt - Al Saloom,EG,67,20230221,20230221
240,1EG31900,Egypt - Al Dabaa,EG,67,20230221,20230221
241,1EG3200,Egypt - Awal Al Raml,EG,67,20230221,20230221
242,1EG32000,Egypt - Sedi Brani,EG,67,20230221,20230221
243,1EG32100,Egypt - Siwa,EG,67,20230221,20230221
244,1EG32200,Egypt - Al Alamin Marina,EG,67,20230221,20230221
245,1EG32300,Egypt - North Coast-Part,EG,67,20230221,20230221
246,1EG32400,Egypt - Arish First,EG,67,20230221,20230221
247,1EG32500,Egypt - Al Arish Second,EG,67,20230221,20230221
248,1EG32600,Egypt - Al Arish Third,EG,67,20230221,20230221
249,1EG32700,Egypt - Al Arish Fourth,EG,67,20230221,20230221
250,1EG32800,Egypt - Biear Al Abd,EG,67,20230221,20230221
251,1EG32900,Egypt - Al Hasana,EG,67,20230221,20230221
252,1EG3300,Egypt - Sedi Gaber,EG,67,20230221,20230221
253,1EG33000,Egypt - Nekhiel,EG,67,20230221,20230221
254,1EG33100,Egypt - Al Shiekh Zuwaid,EG,67,20230221,20230221
255,1EG33200,Egypt - Rafah,EG,67,20230221,20230221
256,1EG33300,Egypt - Romana Police,EG,67,20230221,20230221
257,1EG33400,Egypt - Al Kassima Police,EG,67,20230221,20230221
258,1EG33500,Egypt - Al Tour,EG,67,20230221,20230221
259,1EG33600,Egypt - Ras Sudr,EG,67,20230221,20230221
260,1EG33700,Egypt - Abu Redis,EG,67,20230221,20230221
261,1EG33800,Egypt - Sant Kathrine,EG,67,20230221,20230221
262,1EG33900,Egypt - Sharm El Shiekh,EG,67,20230221,20230221
263,1EG3400,Egypt - Bab Sharky,EG,67,20230221,20230221
264,1EG34000,Egypt - Dahab,EG,67,20230221,20230221
265,1EG34100,Egypt - Nouaiba,EG,67,20230221,20230221
266,1EG34200,Egypt - Tabah Police,EG,67,20230221,20230221
267,1EG34500,Egypt - Asyut,EG,67,20230221,20230221
268,1EG34600,Egypt - Red Sea,EG,67,20230221,20230221
269,1EG34700,Egypt - Beheira,EG,67,20230221,20230221
270,1EG34800,Egypt - Beni Suef,EG,67,20230221,20230221
271,1EG3500,Egypt - Moharam Bek,EG,67,20230221,20230221
272,1EG35000,Egypt - Dakahlia,EG,67,20230221,20230221
273,1EG35100,Egypt - Damietta,EG,67,20230221,20230221
274,1EG35200,Egypt - Faiyum,EG,67,20230221,20230221
275,1EG35300,Egypt - Gharbia,EG,67,20230221,20230221
276,1EG35700,Egypt - South Sinai,EG,67,20230221,20230221
277,1EG35800,Egypt - Qalyubia,EG,67,20230221,20230221
278,1EG35900,Egypt - Kafr el-Sheikh,EG,67,20230221,20230221
279,1EG3600,Egypt - Al Atareen,EG,67,20230221,20230221
280,1EG36200,Egypt - Minya,EG,67,20230221,20230221
281,1EG36300,Egypt - Monufia,EG,67,20230221,20230221
282,1EG36400,Egypt - Matruh,EG,67,20230221,20230221
283,1EG36500,Egypt - Port Said,EG,67,20230221,20230221
284,1EG36600,Egypt - Sohag,EG,67,20230221,20230221
285,1EG36700,Egypt - Sharqia,EG,67,20230221,20230221
286,1EG36800,Egypt - North Sinai,EG,67,20230221,20230221
287,1EG36900,Egypt - 6th of October,EG,67,20230221,20230221
288,1EG3700,Egypt - Al Mansheia,EG,67,20230221,20230221
289,1EG37100,Egypt - New Valley,EG,67,20230221,20230221
290,1EG3800,Egypt - Karmoz,EG,67,20230221,20230221
291,1EG3900,Egypt - Al Laban,EG,67,20230221,20230221
292,1EG4000,Egypt - Al Gomrok,EG,67,20230221,20230221
293,1EG4100,Egypt - Mena Al Basal,EG,67,20230221,20230221
294,1EG4200,Egypt - Al Dekhila,EG,67,20230221,20230221
295,1EG4300,Egypt - Al America,EG,67,20230221,20230221
296,1EG4400,Egypt - Borg Al Arab,EG,67,20230221,20230221
297,1EG4500,Egypt - Borg Al Arab Al Gadida,EG,67,20230221,20230221
298,1EG4600,Egypt - Than Raml,EG,67,20230221,20230221
299,1EG4700,Egypt - Al Sahel Al Shamaly,EG,67,20230221,20230221
300,1EG4800,Egypt - Al Shark,EG,67,20230221,20230221
301,1EG4900,Egypt - Al Arab,EG,67,20230221,20230221
302,1EG5000,Egypt - Al Manakh,EG,67,20230221,20230221
303,1EG5100,Egypt - Bor Fouad,EG,67,20230221,20230221
304,1EG5200,Egypt - Al Dawahy,EG,67,20230221,20230221
305,1EG5300,Egypt - Al Ganoub,EG,67,20230221,20230221
306,1EG5400,Egypt - Al Zouhor,EG,67,20230221,20230221
307,1EG5500,Egypt - Bor Fouad Second,EG,67,20230221,20230221
308,1EG5600,Egypt - Mobarak,EG,67,20230221,20230221
309,1EG5700,Egypt - Al Manasra,EG,67,20230221,20230221
310,1EG5800,Egypt - Al Ganoub Second,EG,67,20230221,20230221
311,1EG6000,Egypt - Al Arbaien,EG,67,20230221,20230221
312,1EG6100,Egypt - Ataka,EG,67,20230221,20230221
313,1EG6200,Egypt - Faisal,EG,67,20230221,20230221
314,1EG6300,Egypt - Al Ganaeen,EG,67,20230221,20230221
315,1EG6400,Egypt - Al Tebeen,EG,67,20230221,20230221
316,1EG6500,Egypt - Helwan,EG,67,20230221,20230221
317,1EG6600,Egypt - 15. Mai,EG,67,20230221,20230221
318,1EG6700,Egypt - Maadi,EG,67,20230221,20230221
319,1EG6800,Egypt - Torah,EG,67,20230221,20230221
320,1EG6900,Egypt - Al Saf,EG,67,20230221,20230221
321,1EG7000,Egypt - Atfeeh,EG,67,20230221,20230221
322,1EG7100,Egypt - New Cairo First,EG,67,20230221,20230221
323,1EG7200,Egypt - New Cairo Second,EG,67,20230221,20230221
324,1EG7300,Egypt - New Cairo Third,EG,67,20230221,20230221
325,1EG7400,Egypt - Al Shorouk,EG,67,20230221,20230221
326,1EG7500,Egypt - Badr City,EG,67,20230221,20230221
327,1EG7600,Egypt - Al Ahram,EG,67,20230221,20230221
328,1EG7700,Egypt - 6th October first,EG,67,20230221,20230221
329,1EG7800,Egypt - Al Hawamdia,EG,67,20230221,20230221
330,1EG7900,Egypt - Giza,EG,67,20230221,20230221
331,1EG8000,Egypt - Al Badrashen,EG,67,20230221,20230221
332,1EG8100,Egypt - Al Aiad,EG,67,20230221,20230221
333,1EG8200,Egypt - Embaba,EG,67,20230221,20230221
334,1EG8300,Egypt - Al Wahat Al Baharia,EG,67,20230221,20230221
335,1EG8400,Egypt - Oseem,EG,67,20230221,20230221
336,1EG8500,Egypt - Al Warak,EG,67,20230221,20230221
337,1EG8600,Egypt - Shiekh Zaid,EG,67,20230221,20230221
338,1EG8700,Egypt - Kerdasa,EG,67,20230221,20230221
339,1EG8800,Egypt - 6th October second,EG,67,20230221,20230221
340,1EG8900,Egypt - Damitta First,EG,67,20230221,20230221
341,1EG9000,Egypt - Damitta,EG,67,20230221,20230221
342,1EG9100,Egypt - Faraskour,EG,67,20230221,20230221
343,1EG9200,Egypt - Kafr Saad,EG,67,20230221,20230221
344,1EG9300,Egypt - New Damitta City,EG,67,20230221,20230221
345,1EG9400,Egypt - Ras Al Bar,EG,67,20230221,20230221
346,1EG9500,Egypt - Al Zarfa,EG,67,20230221,20230221
347,1EG9600,Egypt - Damitta Second,EG,67,20230221,20230221
348,1EG9700,Egypt - Mansoura First,EG,67,20230221,20230221
349,1EG9800,Egypt - Mansoura Second,EG,67,20230221,20230221
350,1EG9900,Egypt - Al Mansoura,EG,67,20230221,20230221
351,1QA0000,Qatar - Doha,QA,185,20230221,20230221
352,1QA0100,Qatar - Al Khor,QA,185,20230221,20230221
353,1QA0200,Qatar - Madinat Al Shamal,QA,185,20230221,20230221
354,1QA0300,Qatar - Al Rayyan Al Jadeed,QA,185,20230221,20230221
355,1QA0400,Qatar - Umm Slal,QA,185,20230221,20230221
356,1QA0500,Qatar - Al Wakra,QA,185,20230221,20230221
357,1QA0600,Qatar - Al Daayen,QA,185,20230221,20230221
358,1QA0700,Qatar - Al Jasra,QA,185,20230221,20230221
359,1QA0800,Qatar - Al Diwan,QA,185,20230221,20230221
360,1QA0900,Qatar - Mohammed Bin Jasim,QA,185,20230221,20230221
361,1QA1100,Qatar - Al Najada,QA,185,20230221,20230221
362,1QA1200,Qatar - Al Ghanim Al Qadeem (North),QA,185,20230221,20230221
363,1QA1300,Qatar - New Markets,QA,185,20230221,20230221
364,1QA1400,Qatar - Wadi Al Sail (East),QA,185,20230221,20230221
365,1QA1500,Qatar - Al Rumeila (East),QA,185,20230221,20230221
366,1QA1600,Qatar - Al Bidda,QA,185,20230221,20230221
367,1QA1700,Qatar - Musheireb,QA,185,20230221,20230221
368,1QA1800,Qatar - Fareeq Abdul Aziz,QA,185,20230221,20230221
369,1QA1900,Qatar - Al Doha Al Jadeeda,QA,185,20230221,20230221
370,1QA2000,Qatar - Al Ghanim Al Qadeem (South),QA,185,20230221,20230221
371,1QA2100,Qatar - Al Hitmi Al Qadeem,QA,185,20230221,20230221
372,1QA2200,Qatar - Al Salata,QA,185,20230221,20230221
373,1QA2300,Qatar - Doha Port,QA,185,20230221,20230221
374,1QA2400,Qatar - Wadi Al Sail (West),QA,185,20230221,20230221
375,1QA2500,Qatar - Al Rumeila (West),QA,185,20230221,20230221
376,1QA2600,Qatar - Bin Mahmoud (North),QA,185,20230221,20230221
377,1QA2700,Qatar - Bin Mahmoud (South),QA,185,20230221,20230221
378,1QA2800,Qatar - Al Muntazah,QA,185,20230221,20230221
379,1QA2900,Qatar - Al Mansoura/Bin Dirhem,QA,185,20230221,20230221
380,1QA3000,Qatar - Najma,QA,185,20230221,20230221
381,1QA3100,Qatar - Umm Ghuwailina,QA,185,20230221,20230221
382,1QA3200,Qatar - Al Khulaifat,QA,185,20230221,20230221
383,1QA3300,Qatar - Ras Abu Abboud,QA,185,20230221,20230221
384,1QA3400,Qatar - Al Duhail,QA,185,20230221,20230221
385,1QA3500,Qatar - Al Duhail South,QA,185,20230221,20230221
386,1QA3600,Qatar - Madinat Khalifa (North),QA,185,20230221,20230221
387,1QA3700,Qatar - Al Markhiya,QA,185,20230221,20230221
388,1QA3800,Qatar - Madinat Khalifa (South),QA,185,20230221,20230221
389,1QA3900,Qatar - Kulaib,QA,185,20230221,20230221
390,1QA4000,Qatar - Al Messila,QA,185,20230221,20230221
391,1QA4100,Qatar - Bin Omran/Al Hitmi Al Jadeed,QA,185,20230221,20230221
392,1QA4200,Qatar - Al Sadd,QA,185,20230221,20230221
393,1QA4300,Qatar - Al Mirqab Al Jadeed/Al Nasr,QA,185,20230221,20230221
394,1QA4400,Qatar - Al Salata Al Jadeeda /Al Asiri,QA,185,20230221,20230221
395,1QA4500,Qatar - Al Hilal (West),QA,185,20230221,20230221
396,1QA4600,Qatar - Al Hilal (East),QA,185,20230221,20230221
397,1QA4700,Qatar - Al Nuaija (West),QA,185,20230221,20230221
398,1QA4800,Qatar - Al Nuaija (East),QA,185,20230221,20230221
399,1QA4900,Qatar - Al Matar Al Qadeem,QA,185,20230221,20230221
400,1QA5000,Qatar - Musaimeer,QA,185,20230221,20230221
401,1QA5100,Qatar - Al Rawda,QA,185,20230221,20230221
402,1QA5200,Qatar - Doha International Airport,QA,185,20230221,20230221
403,1QA5300,Qatar - Doha International Airport(East),QA,185,20230221,20230221
404,1QA5400,Qatar - Al Gharrafa/Bani Hajer/Al Zaghwa,QA,185,20230221,20230221
405,1QA5500,Qatar - Al Luqta/Al Rayyan Al Qadeem,QA,185,20230221,20230221
406,1QA5600,Qatar - Al Rayyan Al Jadeed/Muaither North,QA,185,20230221,20230221
407,1QA5700,Qatar - Fareeq Al Amir/Muraykh/Al Soudan Nort,QA,185,20230221,20230221
408,1QA5800,Qatar - Al Soudan South/Al Aziziya/Al Ghanim,QA,185,20230221,20230221
409,1QA5900,Qatar - Al Khulaifat Al Jadeeda/Al Maamoura/Abu Hamor,QA,185,20230221,20230221
410,1QA6000,Qatar - Industrial Area,QA,185,20230221,20230221
411,1QA6100,Qatar - New District Of Doha 60,QA,185,20230221,20230221
412,1QA6200,Qatar - Diplomatic District,QA,185,20230221,20230221
413,1QA6300,Qatar - New District Of Doha 62,QA,185,20230221,20230221
414,1QA6400,Qatar - New District Of Doha 63,QA,185,20230221,20230221
415,1QA6500,Qatar - New District Of Doha 64,QA,185,20230221,20230221
416,1QA6600,Qatar - New District Of Doha 65,QA,185,20230221,20230221
417,1QA6700,Qatar - New District Of Doha 66,QA,185,20230221,20230221
418,1QA6800,Qatar - New District Of Doha 67,QA,185,20230221,20230221
419,1QA6900,Qatar - Qatar University,QA,185,20230221,20230221
420,1QA7000,Qatar - New District Of Doha 69,QA,185,20230221,20230221
421,1QA7100,Qatar - Al Kheesa,QA,185,20230221,20230221
422,1QA7200,Qatar - Umm Slal/Al Kharaitiyat,QA,185,20230221,20230221
423,1QA7400,Qatar - Al Jemailiya,QA,185,20230221,20230221
424,1QA7600,Qatar - Al Thakhira,QA,185,20230221,20230221
425,1QA7700,Qatar - Al Ghuwairiya,QA,185,20230221,20230221
426,1QA7800,Qatar - Fuwairit/Al Jassasiya,QA,185,20230221,20230221
427,1QA7900,Qatar - Abu Dhalouf/Al Zubara,QA,185,20230221,20230221
428,1QA8000,Qatar - Madinat Al Shamal/Al Ruwais,QA,185,20230221,20230221
429,1QA8100,Qatar - Al Shahhniya,QA,185,20230221,20230221
430,1QA8200,Qatar - Abu Nakhla / Mukainess,QA,185,20230221,20230221
431,1QA8300,Qatar - Rawdat Rashed,QA,185,20230221,20230221
432,1QA8400,Qatar - Al Karaana,QA,185,20230221,20230221
433,1QA8500,Qatar - Umm Bab,QA,185,20230221,20230221
434,1QA8600,Qatar - Al Nasraniya,QA,185,20230221,20230221
435,1QA8700,Qatar - Dukhan,QA,185,20230221,20230221
436,1QA8900,Qatar - Al Wukair,QA,185,20230221,20230221
437,1QA9000,Qatar - Mesaieed (town),QA,185,20230221,20230221
438,1QA9100,Qatar - Mesaieed (Industrial Area),QA,185,20230221,20230221
439,1QA9200,Qatar - Shaqra,QA,185,20230221,20230221
440,1QA9300,Qatar - Al Kharrara,QA,185,20230221,20230221
441,1QA9400,Qatar - Abu Samra,QA,185,20230221,20230221
442,1QA9500,Qatar - Sawda Natheel,QA,185,20230221,20230221
443,1QA9600,Qatar - Khor Al Adaid,QA,185,20230221,20230221
444,1SA0000,SAUDI ARABIA - ENTIRE COUNTRY(E.Q.),SA,190,20230221,20230221
445,1SA0100,SAUDI ARABIA - RIYADH,SA,190,20230221,20230221
446,1SA0200,SAUDI ARABIA - KHARJ,SA,190,20230221,20230221
447,1SA0300,SAUDI ARABIA - JEDDAH,SA,190,20230221,20230221
448,1SA0400,SAUDI ARABIA - MECCA,SA,190,20230221,20230221
449,1SA0500,SAUDI ARABIA - TAIF,SA,190,20230221,20230221
450,1SA0600,SAUDI ARABIA - DAMMAM,SA,190,20230221,20230221
451,1SA0700,SAUDI ARABIA - KOBBAR,SA,190,20230221,20230221
452,1SA0800,SAUDI ARABIA - JUBAIL,SA,190,20230221,20230221
453,1SA0900,SAUDI ARABIA - DHAHRAN,SA,190,20230221,20230221
454,1SA1000,SAUDI ARABIA - HAFUF,SA,190,20230221,20230221
455,1SA10000,SAUDI ARABIA - Arrayth,SA,190,20230221,20230221
456,1SA10100,SAUDI ARABIA - Baysh,SA,190,20230221,20230221
457,1SA10200,SAUDI ARABIA - Farasan,SA,190,20230221,20230221
458,1SA10300,SAUDI ARABIA - Addair,SA,190,20230221,20230221
459,1SA10400,SAUDI ARABIA - Ahad Almasarihah,SA,190,20230221,20230221
460,1SA10500,SAUDI ARABIA - Alaydabi,SA,190,20230221,20230221
461,1SA10600,SAUDI ARABIA - Alaridah,SA,190,20230221,20230221
462,1SA10700,SAUDI ARABIA - Addarb,SA,190,20230221,20230221
463,1SA10900,SAUDI ARABIA - Sharurah,SA,190,20230221,20230221
464,1SA1100,SAUDI ARABIA - YANBU,SA,190,20230221,20230221
465,1SA11000,SAUDI ARABIA - Hubuna,SA,190,20230221,20230221
466,1SA11100,SAUDI ARABIA - Badr Aljanub,SA,190,20230221,20230221
467,1SA11200,SAUDI ARABIA - Yadamah,SA,190,20230221,20230221
468,1SA11300,SAUDI ARABIA - Thar,SA,190,20230221,20230221
469,1SA11400,SAUDI ARABIA - Khubash,SA,190,20230221,20230221
470,1SA11500,SAUDI ARABIA - Al-Kharkhir,SA,190,20230221,20230221
471,1SA11600,SAUDI ARABIA - Al Baha,SA,190,20230221,20230221
472,1SA11700,SAUDI ARABIA - Biljurashi,SA,190,20230221,20230221
473,1SA11800,SAUDI ARABIA - Al Mandag,SA,190,20230221,20230221
474,1SA11900,SAUDI ARABIA - Al Mukhwah,SA,190,20230221,20230221
475,1SA1200,SAUDI ARABIA - ABHA,SA,190,20230221,20230221
476,1SA12000,SAUDI ARABIA - Al Aqiq,SA,190,20230221,20230221
477,1SA12100,SAUDI ARABIA - Qilwah,SA,190,20230221,20230221
478,1SA12200,SAUDI ARABIA - Al Qara,SA,190,20230221,20230221
479,1SA12300,SAUDI ARABIA - Sakaka,SA,190,20230221,20230221
480,1SA12400,SAUDI ARABIA - Alquryyat,SA,190,20230221,20230221
481,1SA12500,SAUDI ARABIA - Dawmat Aljandeal,SA,190,20230221,20230221
482,1SA1300,SAUDI ARABIA - NAJRAN,SA,190,20230221,20230221
483,1SA1400,SAUDI ARABIA - JIZAN,SA,190,20230221,20230221
484,1SA1500,SAUDI ARABIA - BURAYDAH,SA,190,20230221,20230221
485,1SA1600,SAUDI ARABIA - HAIL,SA,190,20230221,20230221
486,1SA1700,SAUDI ARABIA - TABUK,SA,190,20230221,20230221
487,1SA1800,SAUDI ARABIA - ALL OTHER ZONES,SA,190,20230221,20230221
488,1SA1900,SAUDI ARABIA - Addiriyah,SA,190,20230221,20230221
489,1SA2100,SAUDI ARABIA - Adduwadimi,SA,190,20230221,20230221
490,1SA2200,SAUDI ARABIA - Almajmaah,SA,190,20230221,20230221
491,1SA2300,SAUDI ARABIA - Alquwayiyah,SA,190,20230221,20230221
492,1SA2400,SAUDI ARABIA - Wadi Addawasir,SA,190,20230221,20230221
493,1SA2500,SAUDI ARABIA - Alaflaj,SA,190,20230221,20230221
494,1SA2600,SAUDI ARABIA - Azulfi,SA,190,20230221,20230221
495,1SA2700,SAUDI ARABIA - Shagra,SA,190,20230221,20230221
496,1SA2800,SAUDI ARABIA - Hawtat Bani Tamim,SA,190,20230221,20230221
497,1SA2900,SAUDI ARABIA - Afif,SA,190,20230221,20230221
498,1SA3000,SAUDI ARABIA - Assulayyil,SA,190,20230221,20230221
499,1SA3100,SAUDI ARABIA - Duruma,SA,190,20230221,20230221
500,1SA3200,SAUDI ARABIA - Almuzahimiyah,SA,190,20230221,20230221
501,1SA3300,SAUDI ARABIA - Rumah,SA,190,20230221,20230221
502,1SA3400,SAUDI ARABIA - Thadiq,SA,190,20230221,20230221
503,1SA3500,SAUDI ARABIA - Huraymila,SA,190,20230221,20230221
504,1SA3600,SAUDI ARABIA - Alhariq,SA,190,20230221,20230221
505,1SA3700,SAUDI ARABIA - Alghat,SA,190,20230221,20230221
506,1SA3800,SAUDI ARABIA - Attaif,SA,190,20230221,20230221
507,1SA3900,SAUDI ARABIA - Al Qunfidhah,SA,190,20230221,20230221
508,1SA4000,SAUDI ARABIA - Al Lith,SA,190,20230221,20230221
509,1SA4100,SAUDI ARABIA - Rabigh,SA,190,20230221,20230221
510,1SA4200,SAUDI ARABIA - Al Jmumum,SA,190,20230221,20230221
511,1SA4300,SAUDI ARABIA - Khulays,SA,190,20230221,20230221
512,1SA4400,SAUDI ARABIA - Al Kamil,SA,190,20230221,20230221
513,1SA4500,SAUDI ARABIA - Al Khurmah,SA,190,20230221,20230221
514,1SA4600,SAUDI ARABIA - Ranyah,SA,190,20230221,20230221
515,1SA4700,SAUDI ARABIA - Turubah,SA,190,20230221,20230221
516,1SA4800,SAUDI ARABIA - Al Madinah Al Monawarah,SA,190,20230221,20230221
517,1SA4900,SAUDI ARABIA - Alula,SA,190,20230221,20230221
518,1SA5000,SAUDI ARABIA - Almahd,SA,190,20230221,20230221
519,1SA5100,SAUDI ARABIA - Badr,SA,190,20230221,20230221
520,1SA5200,SAUDI ARABIA - Khaybar,SA,190,20230221,20230221
521,1SA5300,SAUDI ARABIA - Alhinakiyah,SA,190,20230221,20230221
522,1SA5500,SAUDI ARABIA - Unayzah,SA,190,20230221,20230221
523,1SA5600,SAUDI ARABIA - Arrass,SA,190,20230221,20230221
524,1SA5700,SAUDI ARABIA - Almidhnab,SA,190,20230221,20230221
525,1SA5800,SAUDI ARABIA - Albukayriyah,SA,190,20230221,20230221
526,1SA5900,SAUDI ARABIA - Albadai,SA,190,20230221,20230221
527,1SA6000,SAUDI ARABIA - Alasyah,SA,190,20230221,20230221
528,1SA6100,SAUDI ARABIA - Annabhaniyah,SA,190,20230221,20230221
529,1SA6200,SAUDI ARABIA - Uyun Aljiwa,SA,190,20230221,20230221
530,1SA6300,SAUDI ARABIA - Riadh Alkhabra,SA,190,20230221,20230221
531,1SA6400,SAUDI ARABIA - Ashshimasiyah,SA,190,20230221,20230221
532,1SA6500,SAUDI ARABIA - Alahsa,SA,190,20230221,20230221
533,1SA6600,SAUDI ARABIA - Hafr Albatin,SA,190,20230221,20230221
534,1SA6700,SAUDI ARABIA - Alqatif,SA,190,20230221,20230221
535,1SA6800,SAUDI ARABIA - Alkhafji,SA,190,20230221,20230221
536,1SA6900,SAUDI ARABIA - Ras Tannurah,SA,190,20230221,20230221
537,1SA7000,SAUDI ARABIA - Buqayq,SA,190,20230221,20230221
538,1SA7100,SAUDI ARABIA - Annuayriyah,SA,190,20230221,20230221
539,1SA7200,SAUDI ARABIA - Qaryah Alulya,SA,190,20230221,20230221
540,1SA7300,SAUDI ARABIA - Khamis Mushayt,SA,190,20230221,20230221
541,1SA7400,SAUDI ARABIA - Bishah,SA,190,20230221,20230221
542,1SA7500,SAUDI ARABIA - Annamas,SA,190,20230221,20230221
543,1SA7600,SAUDI ARABIA - Muhayil,SA,190,20230221,20230221
544,1SA7700,SAUDI ARABIA - Sarat Abidah,SA,190,20230221,20230221
545,1SA7800,SAUDI ARABIA - Tathlith,SA,190,20230221,20230221
546,1SA7900,SAUDI ARABIA - Rijal Alma,SA,190,20230221,20230221
547,1SA8000,SAUDI ARABIA - Ahad Rufaydah,SA,190,20230221,20230221
548,1SA8100,SAUDI ARABIA - Dahran Aljanub,SA,190,20230221,20230221
549,1SA8200,SAUDI ARABIA - Balqarn,SA,190,20230221,20230221
550,1SA8300,SAUDI ARABIA - Almajardah,SA,190,20230221,20230221
551,1SA8400,SAUDI ARABIA - Alwajh,SA,190,20230221,20230221
552,1SA8500,SAUDI ARABIA - Dhuba,SA,190,20230221,20230221
553,1SA8600,SAUDI ARABIA - Tayma,SA,190,20230221,20230221
554,1SA8700,SAUDI ARABIA - Umluj,SA,190,20230221,20230221
555,1SA8800,SAUDI ARABIA - Haqil,SA,190,20230221,20230221
556,1SA8900,SAUDI ARABIA - Baqa,SA,190,20230221,20230221
557,1SA9000,SAUDI ARABIA - Alghazalah,SA,190,20230221,20230221
558,1SA9100,SAUDI ARABIA - Ashshinan,SA,190,20230221,20230221
559,1SA9200,SAUDI ARABIA - Arar,SA,190,20230221,20230221
560,1SA9300,SAUDI ARABIA - Rafha,SA,190,20230221,20230221
561,1SA9500,SAUDI ARABIA - Sabya,SA,190,20230221,20230221
562,1SA9600,SAUDI ARABIA - Abu Arish,SA,190,20230221,20230221
563,1SA9700,SAUDI ARABIA - Samtah,SA,190,20230221,20230221
564,1SA9800,SAUDI ARABIA - ENTIRE COUNTRY(FLOOD.),SA,190,20230221,20230221
565,1SA9900,SAUDI ARABIA - Damad,SA,190,20230221,20230221
566,2AE0000,UNITED ARAB EMIRATES - ENTIRE COUNTRY ( EQ.),AE,3,20230221,20230221
567,2BH0000,BAHRAIN - ENTIRE COUNTRY,BH,24,20230221,20230221
568,2KW0000,KUWAIT - ENTIRE COUNTRY ( EQ.),KW,121,20230221,20230221
569,2OM0000,OMAN - ENTIRE COUNTRY ( EQ.),OM,169,20230221,20230221
570,2QA0000,QATAR - ENTIRE COUNTRY ( EQ.),QA,185,20230221,20230221
571,3IQ0000,IRAQ - ENTIRE COUNTRY ( EQ ).,IQ,105,20230221,20230221
572,3JO0000,JORDAN - ENTIRE COUNTRY ( EQ.),JO,110,20230221,20230221
573,3JO0100,JORDAN - IRBID,JO,110,20230221,20230221
574,3JO0200,JORDAN - AMMAN,JO,110,20230221,20230221
575,3JO0300,JORDAN - ZARKA,JO,110,20230221,20230221
576,3JO0400,JORDAN - REST OF AMMAN DISTRICT,JO,110,20230221,20230221
577,3JO0500,JORDAN - KARAK,JO,110,20230221,20230221
578,3JO0600,JORDAN - MA'AN,JO,110,20230221,20230221
579,3JO0700,JORDAN - AQUABA,JO,110,20230221,20230221
580,3JO0800,JORDAN - WEST BANKS,JO,110,20230221,20230221
581,3JO9800,JORDAN - ENTIRE COUNTRY (FLOOD),JO,110,20230221,20230221
582,3LB0000,LEBANON - ENTIRE COUNTRY ( EQ.),LB,125,20230221,20230221
583,3LB0101,LEBANON - BEIRUT,LB,125,20230221,20230221
584,3LB0201,LEBANON - TRIPOLI,LB,125,20230221,20230221
585,3LB0301,LEBANON - ASH-SHAMAL (EXCL. TRIPOLI),LB,125,20230221,20230221
586,3LB0401,LEBANON - JABAL LUBNAN (EXCL. BEIRUT),LB,125,20230221,20230221
587,3LB0501,LEBANON - AL-JANUB,LB,125,20230221,20230221
588,3LB0601,LEBANON - AL-BIGA,LB,125,20230221,20230221
589,3PI0000,PALESTINE - ENTIRE COUNTRY ( EQ ).,PI,176,20230221,20230221
590,3PI0100,PALESTINE - NORTH ZONE,PI,176,20230221,20230221
591,3PI0200,PALESTINE - HALFA AND HALFA BAY,PI,176,20230221,20230221
592,3PI0300,PALESTINE - CENTRAL ZONE,PI,176,20230221,20230221
593,3PI0400,PALESTINE - GREATER TEL AVIV,PI,176,20230221,20230221
594,3PI0500,PALESTINE - JERUSALEM ZONE,PI,176,20230221,20230221
595,3PI0600,PALESTINE - SOUTH ZONE,PI,176,20230221,20230221
596,3PI0700,PALESTINE - WITHOUT DISTRIBUTION,PI,176,20230221,20230221
597,3SY0000,SYRIAN ARAB REPUBLIC - ENTIRE COUNTRY ( EQ ).,SY,208,20230221,20230221
598,4DZ0000,ALGERIA - ENTIRE COUNTRY ( EQ ).,DZ,64,20230221,20230221
599,4DZ0100,ALGERIA - ALGERIA - TLEMCEN/SIDI BEL ABBES,DZ,64,20230221,20230221
600,4DZ0200,ALGERIA - ALGERIA - ORAN/MASCARA,DZ,64,20230221,20230221
601,4DZ0300,ALGERIA - ALGERIA - MOSTAGANEM,DZ,64,20230221,20230221
602,4DZ0400,ALGERIA - ALGERIA - ECH CHELIFF,DZ,64,20230221,20230221
603,4DZ0500,ALGERIA - ALGERIA - BLIDA,DZ,64,20230221,20230221
604,4DZ0600,ALGERIA - ALGERIA - ALGER,DZ,64,20230221,20230221
605,4DZ0700,ALGERIA - ALGERIA - TIZI OUZOU/JILEL,DZ,64,20230221,20230221
606,4DZ0800,ALGERIA - ALGERIA - SKIKDA/CONSTANTINE,DZ,64,20230221,20230221
607,4DZ0900,ALGERIA - ALGERIA - ANNABA/GUELMA,DZ,64,20230221,20230221
608,4DZ1000,ALGERIA - ALGERIA - MECHERIA/BECHAR/ARDAR,DZ,64,20230221,20230221
609,4DZ1100,ALGERIA - ALGERIA - TIARET,DZ,64,20230221,20230221
610,4DZ1200,ALGERIA - ALGERIA - MEDEA/AIN BESSAM/M'SILA/DJELFA,DZ,64,20230221,20230221
611,4DZ1300,ALGERIA - ALGERIA - SETIF/BATNA/TEBESSA,DZ,64,20230221,20230221
612,4DZ1400,ALGERIA - ALGERIA - BISKRA/OUARGLA/TAMANRASSET,DZ,64,20230221,20230221
613,4DZ1500,ALGERIA - ALGERIA - LAGHOUAT,DZ,64,20230221,20230221
614,4EG0000,EGYPT - ENTIRE COUNTRY ( EQ.),EG,67,20230221,20230221
615,4EG0100,EGYPT - CAIRO AND GIZA,EG,67,20230221,20230221
616,4EG0200,EGYPT - ALEXANDRIA,EG,67,20230221,20230221
617,4EG0300,"EGYPT - NILE DELTA (DAMANHUR, TANTA, EL MANSURA.",EG,67,20230221,20230221
618,4EG0400,EGYPT - SUEZ,EG,67,20230221,20230221
619,4EG0500,EGYPT - REST OF COUNTRY,EG,67,20230221,20230221
620,4LY0000,LIBYAN ARAB JAMAHIR - ENTIRE COUNTRY(E.Q.),LY,135,20230221,20230221
621,4LY9800,LIBYAN ARAB JAMAHIR - ENTIRE COUNTRY(FLOOD),LY,135,20230221,20230221
622,4MA0000,MOROCCO - ENTIRE COUNTRY(E.Q.),MA,136,20230221,20230221
623,4MA0100,MOROCCO - TANGER,MA,136,20230221,20230221
624,4MA0200,MOROCCO - TETOUAN,MA,136,20230221,20230221
625,4MA0300,MOROCCO - LARACHE,MA,136,20230221,20230221
626,4MA0400,MOROCCO - CHAOUENE,MA,136,20230221,20230221
627,4MA0500,MOROCCO - KENITRA,MA,136,20230221,20230221
628,4MA0600,MOROCCO - SIDI KACEM,MA,136,20230221,20230221
629,4MA0700,MOROCCO - TAOUNATE,MA,136,20230221,20230221
630,4MA0800,MOROCCO - AL HOCEIMA,MA,136,20230221,20230221
631,4MA0900,MOROCCO - NADOR,MA,136,20230221,20230221
632,4MA1000,MOROCCO - OUJDA,MA,136,20230221,20230221
633,4MA1100,MOROCCO - TAZA,MA,136,20230221,20230221
634,4MA1200,MOROCCO - FES,MA,136,20230221,20230221
635,4MA1300,MOROCCO - MEKNES,MA,136,20230221,20230221
636,4MA1400,MOROCCO - KHEMISSET,MA,136,20230221,20230221
637,4MA1500,MOROCCO - RABAT,MA,136,20230221,20230221
638,4MA1600,MOROCCO - IFRANE,MA,136,20230221,20230221
639,4MA1700,MOROCCO - CASABLANCA,MA,136,20230221,20230221
640,4MA1800,MOROCCO - BEN SLIMANE,MA,136,20230221,20230221
641,4MA1900,MOROCCO - SETTAT,MA,136,20230221,20230221
642,4MA2000,MOROCCO - EL JADIDA,MA,136,20230221,20230221
643,4MA2100,MOROCCO - SAFI,MA,136,20230221,20230221
644,4MA2200,MOROCCO - KELAAT SRAGHNA,MA,136,20230221,20230221
645,4MA2300,MOROCCO - KHOURIBGA,MA,136,20230221,20230221
646,4MA2400,MOROCCO - BENI MELLAL,MA,136,20230221,20230221
647,4MA2500,MOROCCO - AZILAL,MA,136,20230221,20230221
648,4MA2600,MOROCCO - KHENIFRA,MA,136,20230221,20230221
649,4MA2700,MOROCCO - BOULMANE,MA,136,20230221,20230221
650,4MA2800,MOROCCO - FIGUIG,MA,136,20230221,20230221
651,4MA2900,MOROCCO - ERRACHIDIA,MA,136,20230221,20230221
652,4MA3000,MOROCCO - OUARZAZATE,MA,136,20230221,20230221
653,4MA3100,MOROCCO - MARRAKECH,MA,136,20230221,20230221
654,4MA3200,MOROCCO - ESSAOUIRA,MA,136,20230221,20230221
655,4MA3300,MOROCCO - AGADIR,MA,136,20230221,20230221
656,4MA3400,MOROCCO - TAROUDANT,MA,136,20230221,20230221
657,4MA3500,MOROCCO - TIZNIT,MA,136,20230221,20230221
658,4MA3600,MOROCCO - TATA,MA,136,20230221,20230221
659,4MA3700,MOROCCO - GUELMIM,MA,136,20230221,20230221
660,4MA3800,MOROCCO - ASSA-ZAG,MA,136,20230221,20230221
661,4MA3900,MOROCCO - TAN TAN,MA,136,20230221,20230221
662,4MA4000,MOROCCO - SMARA,MA,136,20230221,20230221
663,4MA4100,MOROCCO - LAAYOUNE,MA,136,20230221,20230221
664,4MA4200,MOROCCO - BOUJDOUR,MA,136,20230221,20230221
665,4MA4300,MOROCCO - ED DAKHLA,MA,136,20230221,20230221
666,4MA9800,MOROCCO - ENTIRE COUNTRY(FLOOD.),MA,136,20230221,20230221
667,4MR0000,MAURITANIA - ENTIRE COUNTRY ( EQ.),MR,148,20230221,20230221
668,4SD0000,SUDAN - ENTIRE COUNTRY(E.Q.),SD,193,20230221,20230221
669,4SD0100,SUDAN - KHARTOUM,SD,193,20230221,20230221
670,4SD0200,SUDAN - PORT SUDAN,SD,193,20230221,20230221
671,4SD0300,SUDAN - KASSAKA,SD,193,20230221,20230221
672,4SD0400,SUDAN - CENTRAL ZONE (EXCL. KHARTOUM & KASSALA),SD,193,20230221,20230221
673,4SD0500,SUDAN - NORTH SUDAN ( EXCL. PORT SUDAN),SD,193,20230221,20230221
674,4SD0600,SUDAN - SOUTHERN ZONE,SD,193,20230221,20230221
675,4SD9800,SUDAN - ENTIRE COUNTRY(FLOOD),SD,193,20230221,20230221
676,4SO0000,SOMALIA - ENTIRE COUNTRY ( EQ.),SO,203,20230221,20230221
677,4SO9800,SOMALIA - ENTIRE COUNTRY ( FLOODS),SO,203,20230221,20230221
678,4TN0000,TUNISIA - ENTIRE COUNTRY ( EQ.),TN,217,20230221,20230221
679,4TN9800,TUNISIA - ENTIRE COUNTRY ( FLOODS.),TN,217,20230221,20230221
680,4YE0000,YEMEN - ENTIRE COUNTRY,YE,242,20230221,20230221
681,4YE0100,YEMEN - HODEIDA,YE,242,20230221,20230221
682,4YE0200,YEMEN - SANA'A,YE,242,20230221,20230221
683,4YE0300,YEMEN - ADEN,YE,242,20230221,20230221
684,4YE0400,YEMEN - TAIZ,YE,242,20230221,20230221
685,4YE0500,YEMEN - OTHERS,YE,242,20230221,20230221
686,4YE9800,YEMEN - ENTIRE COUNTRY (FLOOD),YE,242,20230221,20230221
687,4YE9900,YEMEN - ENTIRE COUNTRY (WINDSTORM),YE,242,20230221,20230221
688,5BD0000,BANGLADESH - ENTIRE COUNTRY (EQ),BD,20,20230221,20230221
689,5BD9800,BANGLADESH - ENTIRE COUNTRY (FLOOD),BD,20,20230221,20230221
690,5BD9900,BANGLADESH - ENTIRE COUNTRY (WINDSTORM),BD,20,20230221,20230221
691,5IN0000,INDIA - ENTIRE COUNTRY (EQ),IN,103,20230221,20230221
692,5IN0100,INDIA - JAMMU ,IN,103,20230221,20230221
693,5IN0200,"INDIA - HIMACHAL-PRADESH,PUNJAB,HARYANA",IN,103,20230221,20230221
694,5IN0300,INDIA - UTTAR PRADESH,IN,103,20230221,20230221
695,5IN0400,INDIA - RAJASTHAN,IN,103,20230221,20230221
696,5IN0500,INDIA - MADHYA PRADESH,IN,103,20230221,20230221
697,5IN0600,INDIA - BIHAR,IN,103,20230221,20230221
698,5IN0700,INDIA - WEST BENGAL,IN,103,20230221,20230221
699,5IN0800,INDIA - NAGA PRADESH,IN,103,20230221,20230221
700,5IN0900,INDIA - ASSAM,IN,103,20230221,20230221
701,5IN1000,INDIA - GUJARAT,IN,103,20230221,20230221
702,5IN1100,INDIA - MAHARASHTRA,IN,103,20230221,20230221
703,5IN1200,INDIA - ORISSA,IN,103,20230221,20230221
704,5IN1300,INDIA - ANDHRA PRADESH,IN,103,20230221,20230221
705,5IN1400,INDIA - KARNATAKA,IN,103,20230221,20230221
706,5IN1500,INDIA - MADRAS(CHENNAI),IN,103,20230221,20230221
707,5IN1600,INDIA - KERALA,IN,103,20230221,20230221
708,5IN1700,INDIA - GOA,IN,103,20230221,20230221
709,5IN1800,INDIA - ANDAMAN ISLANDS,IN,103,20230221,20230221
710,5IN1900,INDIA - NICOBAR ISLAND,IN,103,20230221,20230221
711,5IN9800,INDIA - ENTIRE COUNTRY (FLOOD),IN,103,20230221,20230221
712,5IN9900,INDIA - ENTIRE COUNTRY (WINDSTORM),IN,103,20230221,20230221
713,5IR0000,IRAN - ENTIRE COUNTRY ( EQ.),IR,106,20230221,20230221
714,5IR0100,IRAN - AZARBAIJAN GHARBI,IR,106,20230221,20230221
715,5IR0200,IRAN - AZARBAIJAN SHARGHI/CITY OF TABRIZ,IR,106,20230221,20230221
716,5IR0300,IRAN - KORDESTAN,IR,106,20230221,20230221
717,5IR0400,IRAN - ZANJAN/CITY OF QAZVIN,IR,106,20230221,20230221
718,5IR0500,IRAN - GILAN,IR,106,20230221,20230221
719,5IR0600,IRAN - MAZANDARAN,IR,106,20230221,20230221
720,5IR0700,IRAN - BAKHTARAN,IR,106,20230221,20230221
721,5IR0800,IRAN - HAMADAN,IR,106,20230221,20230221
722,5IR0900,IRAN - MARKAZI/CITY OF ARAK,IR,106,20230221,20230221
723,5IR1000,IRAN - TEHRAN/CITY OF TEHRAN,IR,106,20230221,20230221
724,5IR1100,IRAN - SEMNAN,IR,106,20230221,20230221
725,5IR1200,IRAN - KHORASAN/CITY OF MASHHAD,IR,106,20230221,20230221
726,5IR1300,IRAN - ILAM,IR,106,20230221,20230221
727,5IR1400,IRAN - LORESTAN,IR,106,20230221,20230221
728,5IR1500,IRAN - ISFAHAN/CITY OF ISFAHAN,IR,106,20230221,20230221
729,5IR1600,IRAN - KHOOZESTAN,IR,106,20230221,20230221
730,5IR1700,IRAN - CHAHARMAHAL VA BAKHTIYARI,IR,106,20230221,20230221
731,5IR1800,IRAN - KOHKILOYEH VA BOYER AHMAD,IR,106,20230221,20230221
732,5IR1900,IRAN - YAZD,IR,106,20230221,20230221
733,5IR2000,IRAN - BUSHEHR,IR,106,20230221,20230221
734,5IR2100,IRAN - FARS,IR,106,20230221,20230221
735,5IR2200,IRAN - HORMOZGAN,IR,106,20230221,20230221
736,5IR2300,IRAN - KERMAN,IR,106,20230221,20230221
737,5IR2400,IRAN - SISTAN VA BALOUCHESTAN,IR,106,20230221,20230221
738,5IR9800,IRAN - ENTIRE COUNTRY (FLOOD),IR,106,20230221,20230221
739,5IR9900,IRAN - ENTIRE COUNTRY (WINDSTORM),IR,106,20230221,20230221
740,5KZ0000,KAZAKHSTAN - ENTIRE COUNTRY (EQ),KZ,123,20230221,20230221
741,5KZ9800,KAZAKHSTAN - ENTIRE COUNTRY (FLOOD),KZ,123,20230221,20230221
742,5KZ9900,KAZAKHSTAN - ENTIRE COUNTRY (WINDSTORM),KZ,123,20230221,20230221
743,5PK0000,PAKISTAN - ENTIRE COUNTRY(E.Q.),PK,177,20230221,20230221
744,5PK1000,PAKISTAN - MIRPUR (AJK),PK,177,20230221,20230221
745,5PK1100,PAKISTAN - KOTLI,PK,177,20230221,20230221
746,5PK1200,PAKISTAN - RAWALAKOT(AJ),PK,177,20230221,20230221
747,5PK1300,PAKISTAN - MUZAFARABAD(AJK),PK,177,20230221,20230221
748,5PK1400,PAKISTAN - DIA MIR,PK,177,20230221,20230221
749,5PK1500,PAKISTAN - GILGIT,PK,177,20230221,20230221
750,5PK1600,PAKISTAN - SKARDU,PK,177,20230221,20230221
751,5PK1700,PAKISTAN - CHITRAL,PK,177,20230221,20230221
752,5PK1800,PAKISTAN - DIR,PK,177,20230221,20230221
753,5PK1900,PAKISTAN - SWAT,PK,177,20230221,20230221
754,5PK2000,PAKISTAN - KOHISTAN,PK,177,20230221,20230221
755,5PK2100,PAKISTAN - MANSHORA,PK,177,20230221,20230221
756,5PK2200,PAKISTAN - ABBOTABAD,PK,177,20230221,20230221
757,5PK2300,PAKISTAN - MARDAN,PK,177,20230221,20230221
758,5PK2400,PAKISTAN - NOWSHERA/CHARSADDA,PK,177,20230221,20230221
759,5PK2500,PAKISTAN - PESHAWAR,PK,177,20230221,20230221
760,5PK2600,PAKISTAN - KOHAT,PK,177,20230221,20230221
761,5PK2700,PAKISTAN - KAARAK,PK,177,20230221,20230221
762,5PK2800,PAKISTAN - BANNU,PK,177,20230221,20230221
763,5PK2900,PAKISTAN - DERA ISMAIL KHAN,PK,177,20230221,20230221
764,5PK3000,PAKISTAN - BHAKKAR,PK,177,20230221,20230221
765,5PK3100,PAKISTAN - LIAH,PK,177,20230221,20230221
766,5PK3200,PAKISTAN - DERA GHAZI KHAN,PK,177,20230221,20230221
767,5PK3300,PAKISTAN - RAJANPUR,PK,177,20230221,20230221
768,5PK3400,PAKISTAN - MUZAFARGARH,PK,177,20230221,20230221
769,5PK3500,PAKISTAN - JHANG,PK,177,20230221,20230221
770,5PK3600,PAKISTAN - TOB TEK SINGH,PK,177,20230221,20230221
771,5PK3700,PAKISTAN - FAISALABAD/SURROUNDINGS,PK,177,20230221,20230221
772,5PK3800,PAKISTAN - FAISALABAD,PK,177,20230221,20230221
773,5PK3900,PAKISTAN - SHEIKHPURA,PK,177,20230221,20230221
774,5PK4000,PAKISTAN - SARGHODA,PK,177,20230221,20230221
775,5PK4100,PAKISTAN - KHUSAB,PK,177,20230221,20230221
776,5PK4200,PAKISTAN - MIANWALI,PK,177,20230221,20230221
777,5PK4300,PAKISTAN - ATTOCK,PK,177,20230221,20230221
778,5PK4400,PAKISTAN - ISLAMABAD/SURROUNDINGS,PK,177,20230221,20230221
779,5PK4500,PAKISTAN - ISLAMABAD,PK,177,20230221,20230221
780,5PK4600,PAKISTAN - RAWALPINDI,PK,177,20230221,20230221
781,5PK4700,PAKISTAN - RAWALPINDI/TAXILA/WAH,PK,177,20230221,20230221
782,5PK4800,PAKISTAN - CHAKWAL,PK,177,20230221,20230221
783,5PK4900,PAKISTAN - JHELUM,PK,177,20230221,20230221
784,5PK5000,PAKISTAN - GUJRAT,PK,177,20230221,20230221
785,5PK5100,PAKISTAN - SIALKOT,PK,177,20230221,20230221
786,5PK5200,PAKISTAN - GUJRANWALA,PK,177,20230221,20230221
787,5PK5300,PAKISTAN - LAHORE/SURROUNDINGS,PK,177,20230221,20230221
788,5PK5400,PAKISTAN - LAHORE,PK,177,20230221,20230221
789,5PK5500,PAKISTAN - KASUR,PK,177,20230221,20230221
790,5PK5600,PAKISTAN - OKARA,PK,177,20230221,20230221
791,5PK5700,PAKISTAN - SAHIWAL,PK,177,20230221,20230221
792,5PK5800,PAKISTAN - KHANEWAL,PK,177,20230221,20230221
793,5PK5900,PAKISTAN - MULTAN/SURROUNDINGS,PK,177,20230221,20230221
794,5PK6000,PAKISTAN - MULTAN,PK,177,20230221,20230221
795,5PK6100,PAKISTAN - VEHARI,PK,177,20230221,20230221
796,5PK6200,PAKISTAN - BAHAWAL NAGAR,PK,177,20230221,20230221
797,5PK6300,PAKISTAN - BAHAWALPUR,PK,177,20230221,20230221
798,5PK6400,PAKISTAN - RAHIMYAR KHAN,PK,177,20230221,20230221
799,5PK6500,PAKISTAN - SUKKUR,PK,177,20230221,20230221
800,5PK6600,PAKISTAN - KHAIRPUR,PK,177,20230221,20230221
801,5PK6700,PAKISTAN - NAWABSHAH,PK,177,20230221,20230221
802,5PK6800,PAKISTAN - SANGHAR,PK,177,20230221,20230221
803,5PK6900,PAKISTAN - THARPARKAR,PK,177,20230221,20230221
804,5PK7000,PAKISTAN - HYDERABAD/SURROUNDINGS,PK,177,20230221,20230221
805,5PK7100,PAKISTAN - HYDERABAD,PK,177,20230221,20230221
806,5PK7200,PAKISTAN - BADIN,PK,177,20230221,20230221
807,5PK7300,PAKISTAN - THATTA,PK,177,20230221,20230221
808,5PK7400,PAKISTAN - KARACHI,PK,177,20230221,20230221
809,5PK7500,PAKISTAN - KARACHI/SURROUNDINGS,PK,177,20230221,20230221
810,5PK7600,PAKISTAN - DADU,PK,177,20230221,20230221
811,5PK7700,PAKISTAN - LARKANA,PK,177,20230221,20230221
812,5PK7800,PAKISTAN - SHIKARPUR,PK,177,20230221,20230221
813,5PK7900,PAKISTAN - JACOBABAD,PK,177,20230221,20230221
814,5PK8000,PAKISTAN - NASIRABAD,PK,177,20230221,20230221
815,5PK8100,PAKISTAN - KUTCHCHI,PK,177,20230221,20230221
816,5PK8200,PAKISTAN - SIBI,PK,177,20230221,20230221
817,5PK8300,PAKISTAN - KOHLOO,PK,177,20230221,20230221
818,5PK8400,PAKISTAN - LORALAI,PK,177,20230221,20230221
819,5PK8500,PAKISTAN - ZHOEB,PK,177,20230221,20230221
820,5PK8600,PAKISTAN - PISHIN,PK,177,20230221,20230221
821,5PK8700,PAKISTAN - QUETTA,PK,177,20230221,20230221
822,5PK8800,PAKISTAN - KALAT,PK,177,20230221,20230221
823,5PK8900,PAKISTAN - KHUZDAR,PK,177,20230221,20230221
824,5PK9000,PAKISTAN - LASBELA,PK,177,20230221,20230221
825,5PK9100,PAKISTAN - MAKRAN,PK,177,20230221,20230221
826,5PK9200,PAKISTAN - TURBAT,PK,177,20230221,20230221
827,5PK9300,PAKISTAN - PANJGOOR,PK,177,20230221,20230221
828,5PK9400,PAKISTAN - KHARAN,PK,177,20230221,20230221
829,5PK9500,PAKISTAN - CHANGHI,PK,177,20230221,20230221
830,5PK9600,PAKISTAN - ZIARAT,PK,177,20230221,20230221
831,5PK9800,PAKISTAN - ENTIRE COUNTRY(FLOOD.),PK,177,20230221,20230221
832,5SL0000,SRI LANKA - ENTIRE COUNTRY ( EQ.),SL,200,20230221,20230221
833,5TR0000,TURKEY - ENTIRE COUNTRY ( EQ.),TR,220,20230221,20230221
834,5TR0100,TURKEY - ISTANBUL  (EXCL YALOVA),TR,220,20230221,20230221
835,5TR0200,TURKEY - EDIRNE/KIRKLARELI/TEKIRDAG/CANAKKALE,TR,220,20230221,20230221
836,5TR0300,TURKEY - IZMIT/ADAPAZARI/YALOVA,TR,220,20230221,20230221
837,5TR0400,TURKEY - BURSA/BILECIK/BALIKESIR,TR,220,20230221,20230221
838,5TR0500,TURKEY - IZMER/MANISA/AYDIN,TR,220,20230221,20230221
839,5TR0600,TURKEY - ESKISEHIR/KUTAHYA/USAK/AFYON/DENIZLI/BUR,TR,220,20230221,20230221
840,5TR0700,TURKEY - MUGLA/ANTALYA,TR,220,20230221,20230221
841,5TR0800,TURKEY - MERSIN/ADANA/MARAS/GAZIANTEP,TR,220,20230221,20230221
842,5TR0900,TURKEY - KONYA/KIRSEHIR,TR,220,20230221,20230221
843,5TR1000,TURKEY - ANKARA,TR,220,20230221,20230221
844,5TR1100,TURKEY - BOLU/ZONGULDAK/CORUM/SINOP,TR,220,20230221,20230221
845,5TR1200,TURKEY - SAMSUN/AMASYA/TOKAT/SIVAS/ORDU,TR,220,20230221,20230221
846,5TR1300,TURKEY - RIZE/ARTVIN/ERZURUM/KARAS,TR,220,20230221,20230221
847,5TR1400,TURKEY - MALATYA/TUNCELI,TR,220,20230221,20230221
848,5TR1500,TURKEY - ADIYAMAN/URFA/MARDIN/HAKKARI,TR,220,20230221,20230221
849,5TR9800,TURKEY - ENTIRE COUNTRY (FLOOD),TR,220,20230221,20230221
850,6GU9900,GUAM - ENTIRE COUNTRY (WINDSTORM),GU,90,20230221,20230221
851,6HK0100,HONG KONG - HONG KONG/LANTAU,HK,93,20230221,20230221
852,6HK0200,HONG KONG - KOWLOON/NEW TERRITORIES,HK,93,20230221,20230221
853,6HK9800,HONG KONG - ENTIRE COUNTRY (FLOOD),HK,93,20230221,20230221
854,6HK9900,HONG KONG - ENTIRE COUNTRY (WINDSTORM),HK,93,20230221,20230221
855,6ID0000,INDONESIA - ENTIRE COUNTRY ( EQ.),ID,100,20230221,20230221
856,6ID0100,"INDONESIA - NORTH SUMATRA (ACEH, SUMATRA VTARA)",ID,100,20230221,20230221
857,6ID0101,INDONESIA - BANDA ACEH,ID,100,20230221,20230221
858,6ID0102,INDONESIA - MEDAN,ID,100,20230221,20230221
859,6ID0103,INDONESIA - OTHERS THAN 1.1 AND 1.2,ID,100,20230221,20230221
860,6ID0200,"INDONESIA - SOUTH SUMATRA (RIAU, JAMBI, SUM-BAR ETC)",ID,100,20230221,20230221
861,6ID0201,INDONESIA - PADANG,ID,100,20230221,20230221
862,6ID0202,INDONESIA - PALEMBANG,ID,100,20230221,20230221
863,6ID0203,INDONESIA - OTHERS THAN 2.1 AND 2.2,ID,100,20230221,20230221
864,6ID0300,INDONESIA - WEST JAWA (JAWA BARAT),ID,100,20230221,20230221
865,6ID0301,INDONESIA - JAKARTA,ID,100,20230221,20230221
866,6ID0302,INDONESIA - BANDUNG,ID,100,20230221,20230221
867,6ID0303,INDONESIA - OTHERS THAN 3.1 AND 3.2,ID,100,20230221,20230221
868,6ID0400,"INDONESIA - CENTRAL JAWA (JAWA TENGAH, YOGYAKARTA)",ID,100,20230221,20230221
869,6ID0401,INDONESIA - SEMARANG,ID,100,20230221,20230221
870,6ID0402,INDONESIA - YOGYAKARTA,ID,100,20230221,20230221
871,6ID0403,INDONESIA - OTHERS THAN 4.1 AND 4.2,ID,100,20230221,20230221
872,6ID0500,INDONESIA - EAST JAVA (JAWA TIMUR),ID,100,20230221,20230221
873,6ID0501,INDONESIA - SURABAYA,ID,100,20230221,20230221
874,6ID0502,INDONESIA - OTHERS THAN 5.1,ID,100,20230221,20230221
875,6ID0600,INDONESIA - KALIMANTHAN,ID,100,20230221,20230221
876,6ID0700,INDONESIA - SULAWESI,ID,100,20230221,20230221
877,6ID0701,INDONESIA - UJUNG PANDANG,ID,100,20230221,20230221
878,6ID0702,INDONESIA - OTHERS THAN 7.1,ID,100,20230221,20230221
879,6ID0800,INDONESIA - OTHER ISLANDS AND IRIAN JAYA,ID,100,20230221,20230221
880,6ID0900,INDONESIA - REST OF WEST JAVA,ID,100,20230221,20230221
881,6ID1000,INDONESIA - CITY OF SEMARANG,ID,100,20230221,20230221
882,6ID1100,INDONESIA - CITY OF YOGJAKARTA,ID,100,20230221,20230221
883,6ID1200,INDONESIA - REST OF CENTRAL JAVA,ID,100,20230221,20230221
884,6ID1300,INDONESIA - CITY OF SURABAYA,ID,100,20230221,20230221
885,6ID1400,INDONESIA - REST OF EAST JARVA,ID,100,20230221,20230221
886,6ID1500,INDONESIA - KALIMANTAN,ID,100,20230221,20230221
887,6ID1600,INDONESIA - CITY OF UJUNG PANDANG,ID,100,20230221,20230221
888,6ID1700,INDONESIA - REST OF SULAWESI,ID,100,20230221,20230221
889,6ID1800,INDONESIA - OTHER ISLANDS AND IRIAN JAYA,ID,100,20230221,20230221
890,6ID9800,INDONESIA - ENTIRE COUNTRY (FLOOD),ID,100,20230221,20230221
891,6ID9900,INDONESIA - ENTIRE COUNTRY (WINDSTORM),ID,100,20230221,20230221
892,6MY9800,MALAYSIA - ENTIRE COUNTRY (FLOOD),MY,155,20230221,20230221
893,6MY9900,MALAYSIA - ENTIRE COUNTRY(WINDSTORM),MY,155,20230221,20230221
894,6PH0000,PHILIPPINES - ENTIRE COUNTRY(EQ),PH,175,20230221,20230221
895,6PH0100,PHILIPPINES - ABRA/AURORA/BANTANES,PH,175,20230221,20230221
896,6PH0101,PHILIPPINES - ABRA,PH,175,20230221,20230221
897,6PH0102,PHILIPPINES - AURORA,PH,175,20230221,20230221
898,6PH0103,PHILIPPINES - BATANES,PH,175,20230221,20230221
899,6PH0104,PHILIPPINES - BENGUET,PH,175,20230221,20230221
900,6PH0105,PHILIPPINES - CAGAYAN,PH,175,20230221,20230221
901,6PH0106,PHILIPPINES - IFUAGAO,PH,175,20230221,20230221
902,6PH0107,PHILIPPINES - ILOCOS NORTE,PH,175,20230221,20230221
903,6PH0108,PHILIPPINES - ILOCOS SUR (QUIRINO),PH,175,20230221,20230221
904,6PH0109,PHILIPPINES - ISABELA,PH,175,20230221,20230221
905,6PH0110,PHILIPPINES - KALINGO-APAYAO,PH,175,20230221,20230221
906,6PH0111,PHILIPPINES - LA UNION,PH,175,20230221,20230221
907,6PH0112,PHILIPPINES - MOUNTAIN PROVINCE,PH,175,20230221,20230221
908,6PH0113,PHILIPPINES - NUEVA VIZCAYA,PH,175,20230221,20230221
909,6PH0114,PHILIPPINES - PANGASINAN,PH,175,20230221,20230221
910,6PH0200,PHILIPPINES - MAKATI (MANILA),PH,175,20230221,20230221
911,6PH0300,"PHILIPPINES - MANILA BAY, RECLAMATION AREA",PH,175,20230221,20230221
912,6PH0400,PHILIPPINES - SANTA CRUZ/BINONDO AREA,PH,175,20230221,20230221
913,6PH0500,PHILIPPINES - METROPOLITAN MANILA,PH,175,20230221,20230221
914,6PH0600,PHILIPPINES - ALBAY/BATAAN/BATANGAS/BULACAN,PH,175,20230221,20230221
915,6PH0601,PHILIPPINES - ALBAY,PH,175,20230221,20230221
916,6PH0602,PHILIPPINES - BATAAN,PH,175,20230221,20230221
917,6PH0603,PHILIPPINES - BATANGAS,PH,175,20230221,20230221
918,6PH0604,PHILIPPINES - BULACAN,PH,175,20230221,20230221
919,6PH0605,PHILIPPINES - CAMARINES NORTE,PH,175,20230221,20230221
920,6PH0606,PHILIPPINES - CAMARINES SUR,PH,175,20230221,20230221
921,6PH0607,PHILIPPINES - CATANDUANES,PH,175,20230221,20230221
922,6PH0608,PHILIPPINES - CAVITE,PH,175,20230221,20230221
923,6PH0609,PHILIPPINES - LAGUNA,PH,175,20230221,20230221
924,6PH0610,PHILIPPINES - MARINDUQUE,PH,175,20230221,20230221
925,6PH0611,PHILIPPINES - MASBATE,PH,175,20230221,20230221
926,6PH0612,PHILIPPINES - NUEVA ECIJA,PH,175,20230221,20230221
927,6PH0613,PHILIPPINES - OCCIDENTAL MINDARO,PH,175,20230221,20230221
928,6PH0614,PHILIPPINES - ORIENTAL MINDORO,PH,175,20230221,20230221
929,6PH0615,PHILIPPINES - PAMPANGA,PH,175,20230221,20230221
930,6PH0616,PHILIPPINES - QUEZON,PH,175,20230221,20230221
931,6PH0617,PHILIPPINES - RIZAL,PH,175,20230221,20230221
932,6PH0618,PHILIPPINES - RAMBLON,PH,175,20230221,20230221
933,6PH0619,PHILIPPINES - SORSOGON,PH,175,20230221,20230221
934,6PH0620,PHILIPPINES - TARLAC,PH,175,20230221,20230221
935,6PH0621,PHILIPPINES - ZAMBALES,PH,175,20230221,20230221
936,6PH0700,PHILIPPINES - AKLAN/ANTIQUE/BILIRAN,PH,175,20230221,20230221
937,6PH0701,PHILIPPINES - AKLAN,PH,175,20230221,20230221
938,6PH0702,PHILIPPINES - ANTIQUE,PH,175,20230221,20230221
939,6PH0703,PHILIPPINES - BILIRAN,PH,175,20230221,20230221
940,6PH0704,PHILIPPINES - BOHOL,PH,175,20230221,20230221
941,6PH0705,PHILIPPINES - CAMOTES,PH,175,20230221,20230221
942,6PH0706,PHILIPPINES - CAPIZ,PH,175,20230221,20230221
943,6PH0707,PHILIPPINES - CEBU,PH,175,20230221,20230221
944,6PH0708,PHILIPPINES - EASTERN SAMAR,PH,175,20230221,20230221
945,6PH0709,PHILIPPINES - GUIMARAS,PH,175,20230221,20230221
946,6PH0710,PHILIPPINES - ILOILO,PH,175,20230221,20230221
947,6PH0711,PHILIPPINES - LEYTE,PH,175,20230221,20230221
948,6PH0712,PHILIPPINES - NEGROS OCCIDENTAL,PH,175,20230221,20230221
949,6PH0713,PHILIPPINES - NEGROS ORIENTAL,PH,175,20230221,20230221
950,6PH0714,PHILIPPINES - NORTHERN SAMAR,PH,175,20230221,20230221
951,6PH0715,PHILIPPINES - PALAWAN,PH,175,20230221,20230221
952,6PH0716,PHILIPPINES - SIQUIJOR,PH,175,20230221,20230221
953,6PH0717,PHILIPPINES - SOUTHERN LEYTE,PH,175,20230221,20230221
954,6PH0718,PHILIPPINES - WESTERN SAMAR,PH,175,20230221,20230221
955,6PH0800,PHILIPPINES - AGUSAN DEL NORTE/BASILAN/CAMIGUIN,PH,175,20230221,20230221
956,6PH0801,PHILIPPINES - AGUSAN DEL NORTE/BASILAN/CAMIGUIN,PH,175,20230221,20230221
957,6PH0802,PHILIPPINES - AGUSAN DEL SUR,PH,175,20230221,20230221
958,6PH0803,PHILIPPINES - BASILAN,PH,175,20230221,20230221
959,6PH0804,PHILIPPINES - BUKIDNON,PH,175,20230221,20230221
960,6PH0805,PHILIPPINES - CAMIGUIN,PH,175,20230221,20230221
961,6PH0806,PHILIPPINES - LANAO DEL NORTE,PH,175,20230221,20230221
962,6PH0807,PHILIPPINES - LANAO DEL SUR,PH,175,20230221,20230221
963,6PH0808,PHILIPPINES - MISAMIS OCCIDENTAL,PH,175,20230221,20230221
964,6PH0809,PHILIPPINES - MISAMIS ORIENTAL,PH,175,20230221,20230221
965,6PH0810,PHILIPPINES - SURIGAO DEL NORTE,PH,175,20230221,20230221
966,6PH0811,PHILIPPINES - SURIGAO DEL SUR,PH,175,20230221,20230221
967,6PH0812,PHILIPPINES - ZAMBOANGA DEL NORTE,PH,175,20230221,20230221
968,6PH0813,PHILIPPINES - ZAMBOANGA DEL SUR,PH,175,20230221,20230221
969,6PH0900,PHILIPPINES - DAVAO DEL NORTE/DAVAO ORIENTAL/SULU,PH,175,20230221,20230221
970,6PH0901,PHILIPPINES - DAVAO DEL NORTE/DAVAO ORIENTAL/SULU,PH,175,20230221,20230221
971,6PH0902,PHILIPPINES - DAVAO ORIENTAL,PH,175,20230221,20230221
972,6PH0903,PHILIPPINES - DAVAO DEL SUR,PH,175,20230221,20230221
973,6PH0904,PHILIPPINES - MAGUINDANAO,PH,175,20230221,20230221
974,6PH0905,PHILIPPINES - NORTH COTABATO,PH,175,20230221,20230221
975,6PH0906,PHILIPPINES - SOUTH COTABATO,PH,175,20230221,20230221
976,6PH0907,PHILIPPINES - SULTAN KUDARAT,PH,175,20230221,20230221
977,6PH0908,PHILIPPINES - SULU,PH,175,20230221,20230221
978,6PH0909,PHILIPPINES - TAWI - TAWI,PH,175,20230221,20230221
979,6PH1000,PHILIPPINES - FLOATER,PH,175,20230221,20230221
980,6PH9800,PHILIPPINES - ENTIRE COUNTRY ( FLOOD ),PH,175,20230221,20230221
981,6PH9900,PHILIPPINES - ENTIRE COUNTRY (WIND STORM ),PH,175,20230221,20230221
982,6TH9800,THAILAND - ENTIRE COUNTRY (FLOOD),TH,213,20230221,20230221
983,7CN0000,CHINA - ENTIRE COUNTRY (EQ),CN,48,20230221,20230221
984,7CN0100,CHINA - BEIJING,CN,48,20230221,20230221
985,7CN0200,CHINA - TIANJIN,CN,48,20230221,20230221
986,7CN0300,CHINA - HEBEI,CN,48,20230221,20230221
987,7CN0400,CHINA - LIAONING,CN,48,20230221,20230221
988,7CN0500,CHINA - JILIN,CN,48,20230221,20230221
989,7CN0600,CHINA - HEILONGJIANG,CN,48,20230221,20230221
990,7CN0700,CHINA - NEI MONGGOL,CN,48,20230221,20230221
991,7CN0800,CHINA - SHANXI,CN,48,20230221,20230221
992,7CN0900,CHINA - SHAANXI,CN,48,20230221,20230221
993,7CN1000,CHINA - SHANDONG,CN,48,20230221,20230221
994,7CN1100,CHINA - HENAN,CN,48,20230221,20230221
995,7CN1200,CHINA - JIANGSU,CN,48,20230221,20230221
996,7CN1300,CHINA - SHANGHAI,CN,48,20230221,20230221
997,7CN1400,CHINA - ZHEJIANG,CN,48,20230221,20230221
998,7CN1500,CHINA - HUBEI,CN,48,20230221,20230221
999,7CN1600,CHINA - ANHUI,CN,48,20230221,20230221
1000,7CN1700,CHINA - JIANGXI,CN,48,20230221,20230221
1001,7CN1800,CHINA - FUJIAN,CN,48,20230221,20230221
1002,7CN1900,CHINA - HUNAN,CN,48,20230221,20230221
1003,7CN2000,CHINA - GUANGDONG,CN,48,20230221,20230221
1004,7CN2100,CHINA - HAINAN,CN,48,20230221,20230221
1005,7CN2200,CHINA - GUANGXI,CN,48,20230221,20230221
1006,7CN2300,CHINA - GUIZHOU,CN,48,20230221,20230221
1007,7CN2400,CHINA - YUNNAN,CN,48,20230221,20230221
1008,7CN2500,CHINA - SICHUAN,CN,48,20230221,20230221
1009,7CN2600,CHINA - GANSU,CN,48,20230221,20230221
1010,7CN2700,CHINA - NINGXIA,CN,48,20230221,20230221
1011,7CN2800,CHINA - QINGHAI,CN,48,20230221,20230221
1012,7CN2900,CHINA - XINJIANG,CN,48,20230221,20230221
1013,7CN3000,CHINA - XIZANG(TIBET),CN,48,20230221,20230221
1014,7CN9800,CHINA - ENTIRE COUNTRY (FLOOD),CN,48,20230221,20230221
1015,7CN9900,CHINA - ENTIRE COUNTRY (WINDSTORM),CN,48,20230221,20230221
1016,7JP0000,JAPAN - ENTIRE COUNTRY(E.Q.),JP,111,20230221,20230221
1017,7JP0100,JAPAN - ISLAND OF HOKKAIDO,JP,111,20230221,20230221
1018,7JP0200,JAPAN - AOMORI/AKITA/YAMAGATA/NIIGATA,JP,111,20230221,20230221
1019,7JP0201,JAPAN - AOMORI,JP,111,20230221,20230221
1020,7JP0202,JAPAN - AKITA,JP,111,20230221,20230221
1021,7JP0203,JAPAN - YAMAGATA,JP,111,20230221,20230221
1022,7JP0204,JAPAN - NIIGATA,JP,111,20230221,20230221
1023,7JP0300,JAPAN - IWATE/MIYAGI/FUKUSHIMA,JP,111,20230221,20230221
1024,7JP0301,JAPAN - IWATE,JP,111,20230221,20230221
1025,7JP0302,JAPAN - MIYAGI,JP,111,20230221,20230221
1026,7JP0303,JAPAN - FUKUSHIMA,JP,111,20230221,20230221
1027,7JP0400,JAPAN - GUMMA/TOCHIGI/SAITAMA/IBARAKI,JP,111,20230221,20230221
1028,7JP0401,JAPAN - GUMMA,JP,111,20230221,20230221
1029,7JP0402,JAPAN - TOCHIGI,JP,111,20230221,20230221
1030,7JP0403,JAPAN - SAITAMA,JP,111,20230221,20230221
1031,7JP0404,JAPAN - IBARAKI,JP,111,20230221,20230221
1032,7JP0500,JAPAN - CHIBA/TOKYO METROPOLIS/KANAKAWA,JP,111,20230221,20230221
1033,7JP0501,JAPAN - CHILBA,JP,111,20230221,20230221
1034,7JP0502,JAPAN - TOKYO METROPOLIS,JP,111,20230221,20230221
1035,7JP0503,JAPAN - KANAGAWA,JP,111,20230221,20230221
1036,7JP0504,JAPAN - KAWASAKI,JP,111,20230221,20230221
1037,7JP0505,JAPAN - YOKOHAMA,JP,111,20230221,20230221
1038,7JP0506,JAPAN - REST OF KANAGAWA,JP,111,20230221,20230221
1039,7JP0600,JAPAN - GIFU/NAGANO/YAMANASHI/AICHI/MIE,JP,111,20230221,20230221
1040,7JP0601,JAPAN - GIFU,JP,111,20230221,20230221
1041,7JP0602,JAPAN - NAGANO,JP,111,20230221,20230221
1042,7JP0603,JAPAN - YAMANASHI,JP,111,20230221,20230221
1043,7JP0604,JAPAN - SHIZUOKA,JP,111,20230221,20230221
1044,7JP0605,JAPAN - AICHI,JP,111,20230221,20230221
1045,7JP0606,JAPAN - MIE,JP,111,20230221,20230221
1046,7JP0700,JAPAN - TOYAMA/ISHIKAWA/FUKUI,JP,111,20230221,20230221
1047,7JP0701,JAPAN - TOYAMA,JP,111,20230221,20230221
1048,7JP0702,JAPAN - ISHIKAWA,JP,111,20230221,20230221
1049,7JP0703,JAPAN - FUKUI,JP,111,20230221,20230221
1050,7JP0800,JAPAN - HYOGO/KYOTO/SHIGA/OSAKA/NARA/WAKAYAMA,JP,111,20230221,20230221
1051,7JP0801,JAPAN - HYOGO,JP,111,20230221,20230221
1052,7JP0802,JAPAN - KYOTO,JP,111,20230221,20230221
1053,7JP0803,JAPAN - SHIGA,JP,111,20230221,20230221
1054,7JP0804,JAPAN - OSAKA,JP,111,20230221,20230221
1055,7JP0805,JAPAN - NARA,JP,111,20230221,20230221
1056,7JP0806,JAPAN - WAKAYAMA,JP,111,20230221,20230221
1057,7JP0900,JAPAN - TOTTORI/OKAYAMA/HIROSHIMA/SHIMANE,JP,111,20230221,20230221
1058,7JP0901,JAPAN - TATTARI,JP,111,20230221,20230221
1059,7JP0902,JAPAN - OKAYAMA,JP,111,20230221,20230221
1060,7JP0903,JAPAN - HIR OSHIMA,JP,111,20230221,20230221
1061,7JP0904,JAPAN - SHIMANE,JP,111,20230221,20230221
1062,7JP0905,JAPAN - YAMAGUCHI,JP,111,20230221,20230221
1063,7JP1000,JAPAN - ISLAND OF SHIKOKU,JP,111,20230221,20230221
1064,7JP1100,JAPAN - ISLAND OF KYUSHU,JP,111,20230221,20230221
1065,7JP1200,JAPAN - ISLAND OF OKINAWA,JP,111,20230221,20230221
1066,7JP1300,JAPAN - FLOATER,JP,111,20230221,20230221
1067,7JP9800,JAPAN - ENTIRE COUNTRY ( FLOOD ),JP,111,20230221,20230221
1068,7JP9900,JAPAN - ENTIRE COUNTRY ( WIND STORM ),JP,111,20230221,20230221
1069,7KP9800,"KOREA,DEM.REP(NORTH) - ENTIRE COUNTRY(FLOOD)",KP,119,20230221,20230221
1070,7KP9900,"KOREA,DEM.REP(NORTH) - ENTIRE COUNTRY (WINDSTORM)",KP,119,20230221,20230221
1071,7KR0000,"KOREA,REP.(SOUTH) - ENTIRE COUNTRY (EARTHQUAKE)",KR,120,20230221,20230221
1072,7KR0100,"KOREA,REP.(SOUTH) - SEOUL",KR,120,20230221,20230221
1073,7KR0200,"KOREA,REP.(SOUTH) - PUSAN",KR,120,20230221,20230221
1074,7KR0300,"KOREA,REP.(SOUTH) - KYONGGI-DO",KR,120,20230221,20230221
1075,7KR0400,"KOREA,REP.(SOUTH) - KANG-WON-DO",KR,120,20230221,20230221
1076,7KR0500,"KOREA,REP.(SOUTH) - CHUNGCHONG-NAM-DO",KR,120,20230221,20230221
1077,7KR0600,"KOREA,REP.(SOUTH) - CHUNGCHONG-BUK-DO",KR,120,20230221,20230221
1078,7KR0700,"KOREA,REP.(SOUTH) - KYONGSANG-BUK-DO",KR,120,20230221,20230221
1079,7KR0800,"KOREA,REP.(SOUTH) - KYONGSANG-NAM-DO",KR,120,20230221,20230221
1080,7KR0900,"KOREA,REP.(SOUTH) - CHOLLA-BUK-DO",KR,120,20230221,20230221
1081,7KR1000,"KOREA,REP.(SOUTH) - CHOLLA-NAM-DO",KR,120,20230221,20230221
1082,7KR1100,"KOREA,REP.(SOUTH) - CHEJU-DO",KR,120,20230221,20230221
1083,7KR9800,"KOREA,REP.(SOUTH) - ENTIRE COUNTRY(FLOOD)",KR,120,20230221,20230221
1084,7KR9900,"KOREA,REP.(SOUTH) - ENTIRE COUNTRY (WINDSTORM)",KR,120,20230221,20230221
1085,7TW0000,TAIWAN - ENTIRE COUNTRY(E.Q.),TW,223,20230221,20230221
1086,7TW0100,TAIWAN - CITY OF TAIPEI,TW,223,20230221,20230221
1087,7TW0101,"TAIWAN - REST OF TAIPEI, KEELUNG",TW,223,20230221,20230221
1088,7TW0200,TAIWAN - TAOYUAN,TW,223,20230221,20230221
1089,7TW0300,TAIWAN - HSINCHU,TW,223,20230221,20230221
1090,7TW0400,TAIWAN - MIAOLI,TW,223,20230221,20230221
1091,7TW0500,TAIWAN - TAICHUNG,TW,223,20230221,20230221
1092,7TW0600,TAIWAN - NANTAO,TW,223,20230221,20230221
1093,7TW0700,TAIWAN - CHANGHUA,TW,223,20230221,20230221
1094,7TW0800,TAIWAN - YUNLIN,TW,223,20230221,20230221
1095,7TW0900,TAIWAN - CHIAYI-TAINAN,TW,223,20230221,20230221
1096,7TW1000,TAIWAN - KAO HSIUNG-PINGTUNG-PENGHU,TW,223,20230221,20230221
1097,7TW1100,TAIWAN - HUALIEN-TAITUNG,TW,223,20230221,20230221
1098,7TW1200,TAIWAN - IIAN,TW,223,20230221,20230221
1099,7TW1300,TAIWAN - FLOATER,TW,223,20230221,20230221
1100,7TW9800,TAIWAN - ENTIRE COUNTRY(FLOOD),TW,223,20230221,20230221
1101,7TW9900,TAIWAN - ENTIRE COUNTRY(WINDSTORM),TW,223,20230221,20230221
1102,8AM0000,ARMENIA - ENTIRE COUNTRY (EQ),AM,8,20230221,20230221
1103,8BU0000,MYANMAR - ENTIRE COUNTRY (EQ),BU,33,20230221,20230221
1104,8BU9800,MYANMAR - ENTIRE COUNTRY (FLOOD),BU,33,20230221,20230221
1105,8CI0000,IVORY COAST - ENTIRE COUNTRY ( EQ ).,CI,44,20230221,20230221
1106,8CI9800,IVORY COAST - ENTIRE COUNTRY ( FLOOD ).,CI,44,20230221,20230221
1107,8CI9900,IVORY COAST - ENTIRE COUNTRY ( WINDSTORM ).,CI,44,20230221,20230221
1108,8CM0000,CAMEROON - ENTIRE COUNTRY(EQ),CM,47,20230221,20230221
1109,8CM9800,CAMEROON - ENTIRE COUNTRY(FLOOD),CM,47,20230221,20230221
1110,8CM9900,CAMEROON - ENTIRE COUNTRY(WINDSTORM),CM,47,20230221,20230221
1111,8EH0000,WESTERN SAHARA - ENTIRE COUNTRY ( EQ ).,EH,68,20230221,20230221
1112,8ET0000,ETHIOPIA - ENTIRE COUNTRY ( EQ).,ET,71,20230221,20230221
1113,8FJ0000,FIJI - ENTIRE COUNTRY(EQ),FJ,73,20230221,20230221
1114,8FJ9800,FIJI - ENTIRE COUNTRY (FLOOD),FJ,73,20230221,20230221
1115,8FJ9900,FIJI - ENTIRE COUNTRY (WINDSTORM),FJ,73,20230221,20230221
1116,8GH0000,GHANA - ENTIRE COUNTRY ( EQ ).,GH,81,20230221,20230221
1117,8KE0000,KENYA - ENTIRE COUNTRY ( EQ ).,KE,113,20230221,20230221
1118,8KE0100,KENYA - WESTERN KENYA,KE,113,20230221,20230221
1119,8KE0200,KENYA - RIFT VALLEY,KE,113,20230221,20230221
1120,8KE0300,KENYA - CENTRAL VALLEY,KE,113,20230221,20230221
1121,8KE0400,KENYA - NAIROBI AREA,KE,113,20230221,20230221
1122,8KE0500,KENYA - COASTAL REGION,KE,113,20230221,20230221
1123,8KH9800,"KAMPUCHEA,DEMOCRATIC - ENTIRE COUNTRY (FLOOD)",KH,115,20230221,20230221
1124,8LK9800,SRI LANKA - ENTIRE COUNTRY(FLOOD),SL,200,20230221,20230221
1125,8LK9900,SRI LANKA - ENTIRE COUNTRY(WINDSTORM),SL,200,20230221,20230221
1126,8MN0000,MONGOLIA - ENTIRE COUNTRY (EQ),MN,144,20230221,20230221
1127,8MO0000,MACAU - ENTIRE COUNTRY (EQ),MO,145,20230221,20230221
1128,8MO9900,MACAU - ENTIRE COUNTRY (WINDSTORM),MO,145,20230221,20230221
1129,8MU0000,MAURITIUS - ENTIRE COUNTRY ( EQ ).,MU,151,20230221,20230221
1130,8MU0100,MAURITIUS - PORT LOUIS,MU,151,20230221,20230221
1131,8MU0200,MAURITIUS - REST OF MAURITIUS ISLAND,MU,151,20230221,20230221
1132,8MU0300,MAURITIUS - RODRIGUEZ ISLAND,MU,151,20230221,20230221
1133,8MU9800,MAURITIUS - ENTIRE COUNTRY ( FLOOD ).,MU,151,20230221,20230221
1134,8MU9900,MAURITIUS - ENTIRE COUNTRY ( WINDSTORM ).,MU,151,20230221,20230221
1135,8MW0000,MALAWI - ENTIRE COUNTRY ( EQ ).,MW,153,20230221,20230221
1136,8MW9800,MALAWI - ENTIRE COUNTRY ( FLOOD ).,MW,153,20230221,20230221
1137,8MW9900,MALAWI - ENTIRE COUNTRY ( WINDSTORM ).,MW,153,20230221,20230221
1138,8MZ9800,MOZAMBIQUE - ENTIRE COUNTRY ( FLOOD ).,MZ,156,20230221,20230221
1139,8MZ9900,MOZAMBIQUE - ENTIRE COUNTRY ( WINDSTORM ).,MZ,156,20230221,20230221
1140,8NA9800,NAMIBIA - ENTIRE COUNTRY ( FLOOD ).,NA,157,20230221,20230221
1141,8NE0000,NIGER - ENTIRE COUNTRY (EQ),NE,158,20230221,20230221
1142,8NE0100,NIGER - LAGOS,NE,158,20230221,20230221
1143,8NE0200,NIGER - SOUTHERN STATES (EXCL. LAGOS),NE,158,20230221,20230221
1144,8NE0300,NIGER - CENTRAL STATES,NE,158,20230221,20230221
1145,8NE0400,NIGER - NOTHERN STATES,NE,158,20230221,20230221
1146,8NE0500,NIGER - EASTERN STATES,NE,158,20230221,20230221
1147,8NE9800,NIGER - ENTIRE COUNTRY (FLOOD),NE,158,20230221,20230221
1148,8NE9900,NIGER - ENTIRE COUNTRY (WINDSTORM),NE,158,20230221,20230221
1149,8NP0000,NEPAL - ENTIRE COUNTRY (EQ),NP,164,20230221,20230221
1150,8PG0000,PAPUA NEW GUINEA - ENTIRE COUNTRY(EQ),PG,174,20230221,20230221
1151,8PG0100,PAPUA NEW GUINEA - NATIONAL CAPITAL DISTRICT,PG,174,20230221,20230221
1152,8PG0200,PAPUA NEW GUINEA - CENTRAL PROVINCE,PG,174,20230221,20230221
1153,8PG0300,PAPUA NEW GUINEA - CHIMBU PROVINCE,PG,174,20230221,20230221
1154,8PG0400,PAPUA NEW GUINEA - ENGA PROVINCE,PG,174,20230221,20230221
1155,8PG0500,PAPUA NEW GUINEA - GULF PROVINCE,PG,174,20230221,20230221
1156,8PG0600,PAPUA NEW GUINEA - EASTERN HIGHLANDS PROVINCE,PG,174,20230221,20230221
1157,8PG0700,PAPUA NEW GUINEA - SOUTHERN HIGHLANDS PROVINCE,PG,174,20230221,20230221
1158,8PG0800,PAPUA NEW GUINEA - WESTERNHIGHLANDS PROVINCE,PG,174,20230221,20230221
1159,8PG0900,PAPUA NEW GUINEA - MADANG PROVINCE,PG,174,20230221,20230221
1160,8PG1000,PAPUA NEW GUINEA - MANUS PROVINCE,PG,174,20230221,20230221
1161,8PG1100,PAPUA NEW GUINEA - MILNE BAY PROVINCE,PG,174,20230221,20230221
1162,8PG1200,PAPUA NEW GUINEA - MOROBE PROVINCE,PG,174,20230221,20230221
1163,8PG1300,PAPUA NEW GUINEA - NEW IRELAND PROVINCE,PG,174,20230221,20230221
1164,8PG1400,PAPUA NEW GUINEA - EAST NEW BRITTAIN PROVINCE,PG,174,20230221,20230221
1165,8PG1500,PAPUA NEW GUINEA - WEST NEW BRITAIN PROVINCE,PG,174,20230221,20230221
1166,8PG1600,PAPUA NEW GUINEA - NORTHERN PROVINCE,PG,174,20230221,20230221
1167,8PG1700,PAPUA NEW GUINEA - EASTSEPIK PROVINCE,PG,174,20230221,20230221
1168,8PG1800,PAPUA NEW GUINEA - WEST SEPIK PROVINCE,PG,174,20230221,20230221
1169,8PG1900,PAPUA NEW GUINEA - NORTH SOLOMONS,PG,174,20230221,20230221
1170,8PG2000,PAPUA NEW GUINEA - WESTERN PROVINCE,PG,174,20230221,20230221
1171,8PG9800,PAPUA NEW GUINEA - ENTIRE COUNTRY(FLOOD),PG,174,20230221,20230221
1172,8PG9900,PAPUA NEW GUINEA - ENTIRE COUNTRY(WINDSTORM),PG,174,20230221,20230221
1173,8SN9900,SENEGAL - ENTIRE COUNTRY ( WINDSTORM ) .,SN,202,20230221,20230221
1174,8TZ0000,"TANZANIA,UNITED REP. - ENTIRE COUNTRY ( EQ ).",TZ,224,20230221,20230221
1175,8TZ9800,"TANZANIA,UNITED REP. - ENTIRE COUNTRY ( FLOOD ).",TZ,224,20230221,20230221
1176,8TZ9900,"TANZANIA,UNITED REP. - ENTIRE COUNTRY ( WINDSTORM ).",TZ,224,20230221,20230221
1177,8UG0000,UGANDA - ENTIRE COUNTRY(E.Q.),UG,226,20230221,20230221
1178,8UG0100,UGANDA - KAMPALA,UG,226,20230221,20230221
1179,8UG0200,UGANDA - CENTRAL BUGANDA,UG,226,20230221,20230221
1180,8UG0300,UGANDA - NORTH BUGANDA,UG,226,20230221,20230221
1181,8UG0400,UGANDA - SOUTH BUGANDA,UG,226,20230221,20230221
1182,8UG0500,UGANDA - SOUTHERN,UG,226,20230221,20230221
1183,8UG0600,UGANDA - WESTERN,UG,226,20230221,20230221
1184,8UG0700,UGANDA - NILE,UG,226,20230221,20230221
1185,8UG0800,UGANDA - NORTHERN,UG,226,20230221,20230221
1186,8UG0900,UGANDA - KARAMOJA,UG,226,20230221,20230221
1187,8UG1000,UGANDA - EASTERN,UG,226,20230221,20230221
1188,8UG1100,UGANDA - BUSOGA,UG,226,20230221,20230221
1189,8UG9900,UGANDA - ENTIRE COUNTRY(FLOOD),UG,226,20230221,20230221
1190,8VN0000,VIETNAM - ENTIRE COUNTRY(E.Q.),VN,236,20230221,20230221
1191,8VN0100,VIETNAM - HANOI,VN,236,20230221,20230221
1192,8VN0200,VIETNAM - T.P. HO CHI MINH,VN,236,20230221,20230221
1193,8VN0300,VIETNAM - HAI PHONG,VN,236,20230221,20230221
1194,8VN0400,VIETNAM - CAO BANG,VN,236,20230221,20230221
1195,8VN0500,VIETNAM - HA GIANG,VN,236,20230221,20230221
1196,8VN0600,VIETNAM - TUYEN QUANG,VN,236,20230221,20230221
1197,8VN0700,VIETNAM - LNG SON,VN,236,20230221,20230221
1198,8VN0800,VIETNAM - LAI CHAU,VN,236,20230221,20230221
1199,8VN0900,VIETNAM - LAO CAI,VN,236,20230221,20230221
1200,8VN1000,VIETNAM - YEN BAI,VN,236,20230221,20230221
1201,8VN1100,VIETNAM - THAI NGUYEN,VN,236,20230221,20230221
1202,8VN1200,VIETNAM - BAC CAN,VN,236,20230221,20230221
1203,8VN1300,VIETNAM - SON LA,VN,236,20230221,20230221
1204,8VN1400,VIETNAM - VINH PHUC,VN,236,20230221,20230221
1205,8VN1500,VIETNAM - PHU THO,VN,236,20230221,20230221
1206,8VN1600,VIETNAM - BAC GIANG,VN,236,20230221,20230221
1207,8VN1700,VIETNAM - BAC NINH,VN,236,20230221,20230221
1208,8VN1800,VIETNAM - QUANG NINH,VN,236,20230221,20230221
1209,8VN1900,VIETNAM - HOA BINH,VN,236,20230221,20230221
1210,8VN2000,VIETNAM - HA TAY,VN,236,20230221,20230221
1211,8VN2100,VIETNAM - HAI DUONG,VN,236,20230221,20230221
1212,8VN2200,VIETNAM - HUANG YEN,VN,236,20230221,20230221
1213,8VN2300,VIETNAM - THAI BINH,VN,236,20230221,20230221
1214,8VN2400,VIETNAM - HA NAM,VN,236,20230221,20230221
1215,8VN2500,VIETNAM - NAM DINH,VN,236,20230221,20230221
1216,8VN2600,VIETNAM - NINH BINH,VN,236,20230221,20230221
1217,8VN2700,VIETNAM - THANH HOA,VN,236,20230221,20230221
1218,8VN2800,VIETNAM - NGHE AN,VN,236,20230221,20230221
1219,8VN2900,VIETNAM - HA TINH,VN,236,20230221,20230221
1220,8VN3000,VIETNAM - QUANG BINH,VN,236,20230221,20230221
1221,8VN3100,VIETNAM - QUANG TRI,VN,236,20230221,20230221
1222,8VN3200,VIETNAM - THUA THIEN HUE,VN,236,20230221,20230221
1223,8VN3300,VIETNAM - QUANG NAM,VN,236,20230221,20230221
1224,8VN3400,VIETNAM - DA NANG,VN,236,20230221,20230221
1225,8VN3500,VIETNAM - QUANG NGAI,VN,236,20230221,20230221
1226,8VN3600,VIETNAM - BINH DINH,VN,236,20230221,20230221
1227,8VN3700,VIETNAM - PHU YEN,VN,236,20230221,20230221
1228,8VN3800,VIETNAM - KHANH HOA,VN,236,20230221,20230221
1229,8VN3900,VIETNAM - NINH THUAN,VN,236,20230221,20230221
1230,8VN4000,VIETNAM - BINH THUAN,VN,236,20230221,20230221
1231,8VN4100,VIETNAM - GIA LAI,VN,236,20230221,20230221
1232,8VN4200,VIETNAM - KON TUM,VN,236,20230221,20230221
1233,8VN4300,VIETNAM - DAC LAC,VN,236,20230221,20230221
1234,8VN4400,VIETNAM - LAM DONG,VN,236,20230221,20230221
1235,8VN4500,VIETNAM - BINH DUONG,VN,236,20230221,20230221
1236,8VN4600,VIETNAM - BINH PHUOC,VN,236,20230221,20230221
1237,8VN4700,VIETNAM - TAY NINH,VN,236,20230221,20230221
1238,8VN4800,VIETNAM - DONG NAI,VN,236,20230221,20230221
1239,8VN4900,VIETNAM - LONG AN,VN,236,20230221,20230221
1240,8VN5000,VIETNAM - DONG THAP,VN,236,20230221,20230221
1241,8VN5100,VIETNAM - AN GIANG,VN,236,20230221,20230221
1242,8VN5200,VIETNAM - TIEN GIANG,VN,236,20230221,20230221
1243,8VN5300,VIETNAM - BEN TRE,VN,236,20230221,20230221
1244,8VN5400,VIETNAM - VINH LONG,VN,236,20230221,20230221
1245,8VN5500,VIETNAM - TRA VINH,VN,236,20230221,20230221
1246,8VN5600,VIETNAM - CAN THO,VN,236,20230221,20230221
1247,8VN5700,VIETNAM - SOC TRANG,VN,236,20230221,20230221
1248,8VN5800,VIETNAM - KIEN GIANG,VN,236,20230221,20230221
1249,8VN5900,VIETNAM - BAC LIEU,VN,236,20230221,20230221
1250,8VN6000,VIETNAM - CA MAU,VN,236,20230221,20230221
1251,8VN6100,VIETNAM - BA RIA-VUNG TAU,VN,236,20230221,20230221
1252,8VN9800,VIETNAM - ENTIRE COUNTRY(FLOOD.),VN,236,20230221,20230221
1253,8VN9900,VIETNAM - ENTIRE COUNTRY(TYPHOON/WINDSTORM ),VN,236,20230221,20230221
1254,8ZA0000,SOUTH AFRICA - ENTIRE COUNTRY ( EQ.),ZA,244,20230221,20230221
1255,8ZA0100,"SOUTH AFRICA - BUSHVELD,TRANSVAAL NORTH,TRANSVAAL EAST",ZA,244,20230221,20230221
1256,8ZA0200,SOUTH AFRICA - CAPE PROVINCE-KAROO 2,ZA,244,20230221,20230221
1257,8ZA0300,SOUTH AFRICA - NATAL,ZA,244,20230221,20230221
1258,8ZA0400,SOUTH AFRICA - ORANJE FREE STATE,ZA,244,20230221,20230221
1259,8ZA0500,SOUTH AFRICA - TRANSVALL,ZA,244,20230221,20230221
1260,8ZA0600,SOUTH AFRICA - JOHANNESBURG,ZA,244,20230221,20230221
1261,8ZA0700,SOUTH AFRICA - RAND EAST,ZA,244,20230221,20230221
1262,8ZA0800,SOUTH AFRICA - CAPE PROVINCE-CAPE TOWN,ZA,244,20230221,20230221
1263,8ZA0900,SOUTH AFRICA - DURBAN,ZA,244,20230221,20230221
1264,8ZA1000,SOUTH AFRICA - CAPE PROVINCE-EAST AND NORTH OF CT,ZA,244,20230221,20230221
1265,8ZA1100,SOUTH AFRICA - KAROO 1,ZA,244,20230221,20230221
1266,8ZA1200,SOUTH AFRICA - LANGKLOOF,ZA,244,20230221,20230221
1267,8ZA1300,SOUTH AFRICA - PORT ELIZABETH,ZA,244,20230221,20230221
1268,8ZA1400,SOUTH AFRICA - CISKEI,ZA,244,20230221,20230221
1269,8ZA1500,SOUTH AFRICA - EAST LONDON,ZA,244,20230221,20230221
1270,8ZA1600,SOUTH AFRICA - TEMBU 2,ZA,244,20230221,20230221
1271,8ZA9800,SOUTH AFRICA - ENTIRE COUNTRY (FLOOD),ZA,244,20230221,20230221
1272,8ZA9900,SOUTH AFRICA - ENTIRE COUNTRY (WINDSTORM),ZA,244,20230221,20230221
1273,8ZM9800,ZAMBIA - ENTIRE COUNTRY ( FLOOD ).,ZM,245,20230221,20230221
1274,8ZM9900,ZAMBIA - ENTIRE COUNTRY ( WINDSTORM ).,ZM,245,20230221,20230221
1275,8ZW0000,ZIMBABWE - ENTIRE COUNTRY ( EQ ).,ZW,247,20230221,20230221
1276,9UK0000,UNITED KINGDOM - ENTIRE COUNTRY(E.Q),UK,227,20230221,20230221
1277,9UK9800,UNITED KINGDOM - ENTIRE COUNTRY(FLOOD),UK,227,20230221,20230221
1278,9UK9900,UNITED KINGDOM - ENTIRE COUNTRY(WINDSTORM),UK,227,20230221,20230221
1279,9UKAB00,UNITED KINGDOM - ABERDEEN,UK,227,20230221,20230221
1280,9UKAL00,UNITED KINGDOM - ST.ALBANS,UK,227,20230221,20230221
1281,9UKB 00,UNITED KINGDOM - BIRMINGHAM,UK,227,20230221,20230221
1282,9UKBA00,UNITED KINGDOM - BATH,UK,227,20230221,20230221
1283,9UKBB00,UNITED KINGDOM - BLACKBURN,UK,227,20230221,20230221
1284,9UKBD00,UNITED KINGDOM - BRADFORD,UK,227,20230221,20230221
1285,9UKBH00,UNITED KINGDOM - BOURNEMOUTH,UK,227,20230221,20230221
1286,9UKBL00,UNITED KINGDOM - BOLTON,UK,227,20230221,20230221
1287,9UKBN00,UNITED KINGDOM - BRIGHTON,UK,227,20230221,20230221
1288,9UKBR00,UNITED KINGDOM - BROMLEY,UK,227,20230221,20230221
1289,9UKBS00,UNITED KINGDOM - BRISTOL,UK,227,20230221,20230221
1290,9UKBT00,UNITED KINGDOM - BELFAST,UK,227,20230221,20230221
1291,9UKCA00,UNITED KINGDOM - CARLISLE,UK,227,20230221,20230221
1292,9UKCB00,UNITED KINGDOM - CAMBRIDGE,UK,227,20230221,20230221
1293,9UKCF00,UNITED KINGDOM - CARDIFF,UK,227,20230221,20230221
1294,9UKCH00,UNITED KINGDOM - CHESTER,UK,227,20230221,20230221
1295,9UKCM00,UNITED KINGDOM - CHELMSFORD,UK,227,20230221,20230221
1296,9UKCO00,UNITED KINGDOM - COLCHESTER,UK,227,20230221,20230221
1297,9UKCR00,UNITED KINGDOM - CROYDON,UK,227,20230221,20230221
1298,9UKCT00,UNITED KINGDOM - CANTERBURY,UK,227,20230221,20230221
1299,9UKCV00,UNITED KINGDOM - COVENTRY,UK,227,20230221,20230221
1300,9UKCW00,UNITED KINGDOM - CREWE,UK,227,20230221,20230221
1301,9UKDA00,UNITED KINGDOM - DARTFORD,UK,227,20230221,20230221
1302,9UKDD00,UNITED KINGDOM - DUNDEE,UK,227,20230221,20230221
1303,9UKDE00,UNITED KINGDOM - DERBY,UK,227,20230221,20230221
1304,9UKDG00,UNITED KINGDOM - DUMFRIES,UK,227,20230221,20230221
1305,9UKDH00,UNITED KINGDOM - DURHAM,UK,227,20230221,20230221
1306,9UKDL00,UNITED KINGDOM - DARLINGTON,UK,227,20230221,20230221
1307,9UKDN00,UNITED KINGDOM - DONCASTER,UK,227,20230221,20230221
1308,9UKDT00,UNITED KINGDOM - DORCHESTER,UK,227,20230221,20230221
1309,9UKDY00,UNITED KINGDOM - DUDLEY,UK,227,20230221,20230221
1310,9UKEH00,UNITED KINGDOM - EDINBURGH,UK,227,20230221,20230221
1311,9UKEN00,UNITED KINGDOM - ENFIELD,UK,227,20230221,20230221
1312,9UKEX00,UNITED KINGDOM - EXETER,UK,227,20230221,20230221
1313,9UKFK00,UNITED KINGDOM - FALKIRK,UK,227,20230221,20230221
1314,9UKFY00,UNITED KINGDOM - BLACKPOOL,UK,227,20230221,20230221
1315,9UKG 00,UNITED KINGDOM - GLASGOW,UK,227,20230221,20230221
1316,9UKGL00,UNITED KINGDOM - GLOUCESTER,UK,227,20230221,20230221
1317,9UKGU00,UNITED KINGDOM - GUILDFORD,UK,227,20230221,20230221
1318,9UKHA00,UNITED KINGDOM - HARROW,UK,227,20230221,20230221
1319,9UKHD00,UNITED KINGDOM - HUDDERSFIELD,UK,227,20230221,20230221
1320,9UKHG00,UNITED KINGDOM - HARROGATE,UK,227,20230221,20230221
1321,9UKHP00,UNITED KINGDOM - HEMEL HEMSTEAD,UK,227,20230221,20230221
1322,9UKHR00,UNITED KINGDOM - HEREFORD,UK,227,20230221,20230221
1323,9UKHU00,UNITED KINGDOM - HULL,UK,227,20230221,20230221
1324,9UKHX00,UNITED KINGDOM - HALIFAX,UK,227,20230221,20230221
1325,9UKIG00,UNITED KINGDOM - ILFORD,UK,227,20230221,20230221
1326,9UKIP00,UNITED KINGDOM - IPSWICH,UK,227,20230221,20230221
1327,9UKIV00,UNITED KINGDOM - IVERNESS,UK,227,20230221,20230221
1328,9UKKA00,UNITED KINGDOM - KILMARNOCK,UK,227,20230221,20230221
1329,9UKKT00,UNITED KINGDOM - KINGSTON-UPON-THAMES,UK,227,20230221,20230221
1330,9UKKW00,UNITED KINGDOM - KIRKWALL,UK,227,20230221,20230221
1331,9UKKY00,UNITED KINGDOM - KIRKCALDY,UK,227,20230221,20230221
1332,9UKL 00,UNITED KINGDOM - LIVERPOOL,UK,227,20230221,20230221
1333,9UKLA00,UNITED KINGDOM - LANCASTER,UK,227,20230221,20230221
1334,9UKLD00,UNITED KINGDOM - LLANDRINDOD WELLS,UK,227,20230221,20230221
1335,9UKLE00,UNITED KINGDOM - LEICESTER,UK,227,20230221,20230221
1336,9UKLL00,UNITED KINGDOM - LLANDUDNO,UK,227,20230221,20230221
1337,9UKLN00,UNITED KINGDOM - LINCOLN,UK,227,20230221,20230221
1338,9UKLS00,UNITED KINGDOM - LEEDS,UK,227,20230221,20230221
1339,9UKLU00,UNITED KINGDOM - LUTON,UK,227,20230221,20230221
1340,9UKM 00,UNITED KINGDOM - MANCHESTER,UK,227,20230221,20230221
1341,9UKME00,UNITED KINGDOM - MEDWAY,UK,227,20230221,20230221
1342,9UKMK00,UNITED KINGDOM - MILTON KEYNES,UK,227,20230221,20230221
1343,9UKML00,UNITED KINGDOM - MOTHERWELL,UK,227,20230221,20230221
1344,9UKNE00,UNITED KINGDOM - NEWCASTLE UPON TYNE,UK,227,20230221,20230221
1345,9UKNG00,UNITED KINGDOM - NOTTINGHAM,UK,227,20230221,20230221
1346,9UKNN00,UNITED KINGDOM - NORTHAMPTON,UK,227,20230221,20230221
1347,9UKNP00,UNITED KINGDOM - NEWPORT,UK,227,20230221,20230221
1348,9UKNR00,UNITED KINGDOM - NORWICH,UK,227,20230221,20230221
1349,9UKOL00,UNITED KINGDOM - OLDHAM,UK,227,20230221,20230221
1350,9UKOX00,UNITED KINGDOM - OXFORD,UK,227,20230221,20230221
1351,9UKPA00,UNITED KINGDOM - PAISLEY,UK,227,20230221,20230221
1352,9UKPE00,UNITED KINGDOM - PETERBOROUGH,UK,227,20230221,20230221
1353,9UKPH00,UNITED KINGDOM - PERTH,UK,227,20230221,20230221
1354,9UKPL00,UNITED KINGDOM - PLYMOUTH,UK,227,20230221,20230221
1355,9UKPO00,UNITED KINGDOM - PORTSMOUTH,UK,227,20230221,20230221
1356,9UKPR00,UNITED KINGDOM - PRESTON,UK,227,20230221,20230221
1357,9UKRG00,UNITED KINGDOM - READING,UK,227,20230221,20230221
1358,9UKRH00,UNITED KINGDOM - REDHILL,UK,227,20230221,20230221
1359,9UKRM00,UNITED KINGDOM - ROMFORD,UK,227,20230221,20230221
1360,9UKS 00,UNITED KINGDOM - SHEFFIELD,UK,227,20230221,20230221
1361,9UKSA00,UNITED KINGDOM - SWANSEA,UK,227,20230221,20230221
1362,9UKSG00,UNITED KINGDOM - STEVENAGE,UK,227,20230221,20230221
1363,9UKSK00,UNITED KINGDOM - STOCKPORT,UK,227,20230221,20230221
1364,9UKSL00,UNITED KINGDOM - SLOUGH,UK,227,20230221,20230221
1365,9UKSM00,UNITED KINGDOM - SUTTON,UK,227,20230221,20230221
1366,9UKSN00,UNITED KINGDOM - SWINDON,UK,227,20230221,20230221
1367,9UKSO00,UNITED KINGDOM - SOUTHAMPTON,UK,227,20230221,20230221
1368,9UKSP00,UNITED KINGDOM - SALISBURY,UK,227,20230221,20230221
1369,9UKSR00,UNITED KINGDOM - SUNDERLAND,UK,227,20230221,20230221
1370,9UKSS00,UNITED KINGDOM - SOUTHEND-ON-SEA,UK,227,20230221,20230221
1371,9UKST00,UNITED KINGDOM - STOKE-ON-TRENT,UK,227,20230221,20230221
1372,9UKSY00,UNITED KINGDOM - SHREWSBURY,UK,227,20230221,20230221
1373,9UKTA00,UNITED KINGDOM - TAUNTON,UK,227,20230221,20230221
1374,9UKTD00,UNITED KINGDOM - GALASHIELS,UK,227,20230221,20230221
1375,9UKTF00,UNITED KINGDOM - TELFORD,UK,227,20230221,20230221
1376,9UKTN00,UNITED KINGDOM - TUNBRIDGE WELLS,UK,227,20230221,20230221
1377,9UKTQ00,UNITED KINGDOM - TORQUAY,UK,227,20230221,20230221
1378,9UKTR00,UNITED KINGDOM - TRURO,UK,227,20230221,20230221
1379,9UKTS00,UNITED KINGDOM - CLEVELAND,UK,227,20230221,20230221
1380,9UKTW00,UNITED KINGDOM - TWICKENHAM,UK,227,20230221,20230221
1381,9UKUB00,UNITED KINGDOM - SOUTHALL,UK,227,20230221,20230221
1382,9UKWA00,UNITED KINGDOM - WARRINGTON,UK,227,20230221,20230221
1383,9UKWD00,UNITED KINGDOM - WATFORD,UK,227,20230221,20230221
1384,9UKWF00,UNITED KINGDOM - WAKEFIELD,UK,227,20230221,20230221
1385,9UKWN00,UNITED KINGDOM - WIGAN,UK,227,20230221,20230221
1386,9UKWR00,UNITED KINGDOM - WORCESTER,UK,227,20230221,20230221
1387,9UKWS00,UNITED KINGDOM - WALSALL,UK,227,20230221,20230221
1388,9UKWV00,UNITED KINGDOM - WOLVERHAMPTON,UK,227,20230221,20230221
1389,9UKYO00,UNITED KINGDOM - YORK,UK,227,20230221,20230221
1390,9UKZE00,UNITED KINGDOM - LERWICK,UK,227,20230221,20230221
1391,AAL0000,ALBANIA - ENTIRE COUNTRY(E.Q.),AL,7,20230221,20230221
1392,AAL9800,ALBANIA - ENTIRE COUNTRY(FLOOD),AL,7,20230221,20230221
1393,AAL9900,ALBANIA - ENTIRE COUNTRY(WINDSTORM),AL,7,20230221,20230221
1394,AAT0000,AUSTRIA - ENTIRE COUNTRY,AT,14,20230221,20230221
1395,AAT9800,AUSTRIA - ENTIRE COUNTRY(FLOOD),AT,14,20230221,20230221
1396,AAT9900,AUSTRIA - ENTIRE COUNTRY(WINDSTORM),AT,14,20230221,20230221
1397,AAZ0000,AZERBAIJAN - ENTIRE COUNTRY ( EQ ).,AZ,17,20230221,20230221
1398,AAZ9800,AZERBAIJAN - ENTIRE COUNTRY (FLOOD),AZ,17,20230221,20230221
1399,ABE0000,BELGIUM - ENTIRE COUNTRY(E.Q),BE,21,20230221,20230221
1400,ABE0100,BELGIUM - ZONE DE BRUXELLES,BE,21,20230221,20230221
1401,ABE0200,BELGIUM - ZONE D'ANVERS MECHELEN,BE,21,20230221,20230221
1402,ABE0300,BELGIUM - ZONE DE LOUVAIN,BE,21,20230221,20230221
1403,ABE0400,BELGIUM - ZONE DE LIEGE,BE,21,20230221,20230221
1404,ABE0500,BELGIUM - ZONE DE NAMUR,BE,21,20230221,20230221
1405,ABE0600,BELGIUM - ZONE DE CHARLEROI,BE,21,20230221,20230221
1406,ABE0700,BELGIUM - ZONE DE TOURNAI,BE,21,20230221,20230221
1407,ABE0800,BELGIUM - ZONE DE OOSTENDE/BRUGGE/KORTRIJK,BE,21,20230221,20230221
1408,ABE0900,BELGIUM - ZONE DE GENT,BE,21,20230221,20230221
1409,ABE9800,BELGIUM - ENTIRE COUNTRY(FLOOD),BE,21,20230221,20230221
1410,ABE9900,BELGIUM - ENTIRE COUNTRY(WINDSTORM),BE,21,20230221,20230221
1411,ABG0000,BULGARIA - ENTIRE COUNTRY (EQ),BG,23,20230221,20230221
1412,ABG0100,BULGARIA - GRAD SOFIYA,BG,23,20230221,20230221
1413,ABG0200,BULGARIA - SOFIYA,BG,23,20230221,20230221
1414,ABG0300,BULGARIA - PERNIK,BG,23,20230221,20230221
1415,ABG0400,BULGARIA - KYUSTENDIL,BG,23,20230221,20230221
1416,ABG0500,BULGARIA - BLAGOEVGRAD,BG,23,20230221,20230221
1417,ABG0600,BULGARIA - PAZARDZHIK,BG,23,20230221,20230221
1418,ABG0700,BULGARIA - SMOLYAN,BG,23,20230221,20230221
1419,ABG0800,BULGARIA - PLOVDIV,BG,23,20230221,20230221
1420,ABG0900,BULGARIA - KURDZAHLI,BG,23,20230221,20230221
1421,ABG1000,BULGARIA - KHASKOVO,BG,23,20230221,20230221
1422,ABG1100,BULGARIA - STARA ZAGORA,BG,23,20230221,20230221
1423,ABG1200,BULGARIA - SLIVEN,BG,23,20230221,20230221
1424,ABG1300,BULGARIA - YAMBOL,BG,23,20230221,20230221
1425,ABG1400,BULGARIA - BURGAS,BG,23,20230221,20230221
1426,ABG1500,BULGARIA - VARNA,BG,23,20230221,20230221
1427,ABG1600,BULGARIA - TOLBUKIN,BG,23,20230221,20230221
1428,ABG1700,BULGARIA - SHUMEN,BG,23,20230221,20230221
1429,ABG1800,BULGARIA - SILISTRA,BG,23,20230221,20230221
1430,ABG1900,BULGARIA - RAZGRAD,BG,23,20230221,20230221
1431,ABG2000,BULGARIA - TURGOVISHTE,BG,23,20230221,20230221
1432,ABG2100,BULGARIA - RUSE,BG,23,20230221,20230221
1433,ABG2200,BULGARIA - TURNOVO,BG,23,20230221,20230221
1434,ABG2300,BULGARIA - GABROVO,BG,23,20230221,20230221
1435,ABG2400,BULGARIA - LOVECH,BG,23,20230221,20230221
1436,ABG2500,BULGARIA - PLEVEN,BG,23,20230221,20230221
1437,ABG2600,BULGARIA - VRATSA,BG,23,20230221,20230221
1438,ABG2700,BULGARIA - MIKHAYLOVGRAD,BG,23,20230221,20230221
1439,ABG2800,BULGARIA - VIDIN,BG,23,20230221,20230221
1440,ACH0000,SWITZERLAND - ENTIRE COUNTRY(EQ),CH,43,20230221,20230221
1441,ACH0100,SWITZERLAND - AARGAU,CH,43,20230221,20230221
1442,ACH0200,SWITZERLAND - APPENZELL A.,CH,43,20230221,20230221
1443,ACH0300,SWITZERLAND - APPENZELL A.,CH,43,20230221,20230221
1444,ACH0400,SWITZERLAND - BASEL(LAND),CH,43,20230221,20230221
1445,ACH0500,SWITZERLAND - BASEL(STADT),CH,43,20230221,20230221
1446,ACH0600,SWITZERLAND - BERN,CH,43,20230221,20230221
1447,ACH0700,SWITZERLAND - FREIBURG,CH,43,20230221,20230221
1448,ACH0800,SWITZERLAND - GENF,CH,43,20230221,20230221
1449,ACH0900,SWITZERLAND - GLARUS,CH,43,20230221,20230221
1450,ACH1000,SWITZERLAND - GRAUBUNDEN,CH,43,20230221,20230221
1451,ACH1100,SWITZERLAND - JURA,CH,43,20230221,20230221
1452,ACH1200,SWITZERLAND - LUZERN,CH,43,20230221,20230221
1453,ACH1300,SWITZERLAND - NEUENBURG,CH,43,20230221,20230221
1454,ACH1400,SWITZERLAND - NIDWALDEN,CH,43,20230221,20230221
1455,ACH1500,SWITZERLAND - OBWALDEN,CH,43,20230221,20230221
1456,ACH1600,SWITZERLAND - SCHAFFHAUSEN,CH,43,20230221,20230221
1457,ACH1700,SWITZERLAND - SCHWYZ,CH,43,20230221,20230221
1458,ACH1800,SWITZERLAND - SOLOTHURN,CH,43,20230221,20230221
1459,ACH1900,SWITZERLAND - ST. GALLEN,CH,43,20230221,20230221
1460,ACH2000,SWITZERLAND - TICINO,CH,43,20230221,20230221
1461,ACH2100,SWITZERLAND - THURGAU,CH,43,20230221,20230221
1462,ACH2200,SWITZERLAND - URI,CH,43,20230221,20230221
1463,ACH2300,SWITZERLAND - WAADT,CH,43,20230221,20230221
1464,ACH2400,SWITZERLAND - WALLIS,CH,43,20230221,20230221
1465,ACH2500,SWITZERLAND - ZURICH,CH,43,20230221,20230221
1466,ACH2600,SWITZERLAND - ZUG,CH,43,20230221,20230221
1467,ACH9800,SWITZERLAND - ENTIRE COUNTRY(FLOOD),CH,43,20230221,20230221
1468,ACH9900,SWITZERLAND - ENTIRE COUNTRY(WINDSTORM),CH,43,20230221,20230221
1469,ACY0000,CYPRUS - ENTIRE COUNTRY(E.Q),CY,56,20230221,20230221
1470,ACY0100,CYPRUS - NICOSIA NORTH & SOUTH,CY,56,20230221,20230221
1471,ACY0200,CYPRUS - LIMASSOL,CY,56,20230221,20230221
1472,ACY0300,CYPRUS - LARNAKA,CY,56,20230221,20230221
1473,ACY0400,CYPRUS - PAPHOS,CY,56,20230221,20230221
1474,ACY0500,CYPRUS - FAMAGUSTA,CY,56,20230221,20230221
1475,ACY0600,CYPRUS - KYRENIA,CY,56,20230221,20230221
1476,ACY9800,CYPRUS - ENTIRE COUNTRY(FLOOD),CY,56,20230221,20230221
1477,ACY9900,CYPRUS - ENTIRE COUNTRY(WINDSTORM),CY,56,20230221,20230221
1478,ACZ9800,CZECH REPUBLIC - ENTIRE COUNTRY (FLOOD),CZ,57,20230221,20230221
1479,ADE0000,"GERMANY,FED.REP(WEST) - ENTIRE COUNTRY (EQ)",DE,59,20230221,20230221
1480,ADE9800,"GERMANY,FED.REP(WEST) - ENTIRE COUNTRY(FLOOD)",DE,59,20230221,20230221
1481,ADE9900,"GERMANY,FED.REP(WEST) - ENTIRE COUNTRY(WINDSTORM)",DE,59,20230221,20230221
1482,ADK0000,DENMARK - ENTIRE COUNTRY(E.Q),DK,61,20230221,20230221
1483,ADK0100,DENMARK - JYLLAND NORTH,DK,61,20230221,20230221
1484,ADK0200,DENMARK - JYLLAND WEST,DK,61,20230221,20230221
1485,ADK0300,DENMARK - JYLLAND EAST,DK,61,20230221,20230221
1486,ADK0400,DENMARK - JYLLAND SOUTHWEST,DK,61,20230221,20230221
1487,ADK0500,DENMARK - JYLLAND SOUTHEAST,DK,61,20230221,20230221
1488,ADK0600,DENMARK - FYN,DK,61,20230221,20230221
1489,ADK0700,DENMARK - SJAELLAND WEST,DK,61,20230221,20230221
1490,ADK0800,"DENMARK - SJAELLAN SOUTHEAST,LOLLAND,FALSTER,MON",DK,61,20230221,20230221
1491,ADK0900,DENMARK - FREDERIKSBORG AMT,DK,61,20230221,20230221
1492,ADK1000,DENMARK - KOBENHAVN,DK,61,20230221,20230221
1493,ADK1100,DENMARK - BORNHOLM,DK,61,20230221,20230221
1494,ADK9800,DENMARK - ENTIRE COUNTRY(FLOOD),DK,61,20230221,20230221
1495,ADK9900,DENMARK - ENTIRE COUNTRY(WINDSTORM),DK,61,20230221,20230221
1496,AEE9900,ESTONIA - ENTIRE COUNTRY (WINDSTORM),EE,66,20230221,20230221
1497,AES0000,SPAIN - ENTIRE COUNTRY,ES,70,20230221,20230221
1498,AES9800,SPAIN - ENTIRE COUNTRY(FLOOD),ES,70,20230221,20230221
1499,AES9900,SPAIN - ENTIRE COUNTRY(WINDSTORM),ES,70,20230221,20230221
1500,AFI0000,FINLAND - ENTIRE COUNTRY,FI,72,20230221,20230221
1501,AFI9800,FINLAND - ENTIRE COUNTRY(FLOOD),FI,72,20230221,20230221
1502,AFI9900,FINLAND - ENTIRE COUNTRY(WINDSTORM),FI,72,20230221,20230221
1503,AFR0000,FRANCE - ENTIRE COUNTRY(E.Q),FR,76,20230221,20230221
1504,AFR0100,FRANCE - AIN,FR,76,20230221,20230221
1505,AFR0200,FRANCE - AISNE,FR,76,20230221,20230221
1506,AFR0300,FRANCE - ALLIER,FR,76,20230221,20230221
1507,AFR0400,FRANCE - ALPES(DE HTE-PROV.),FR,76,20230221,20230221
1508,AFR0500,FRANCE - ALPES(HAUTES),FR,76,20230221,20230221
1509,AFR0600,FRANCE - ALPES-MARITIMES,FR,76,20230221,20230221
1510,AFR0700,FRANCE - ARDECHE,FR,76,20230221,20230221
1511,AFR0800,FRANCE - ARDENNES,FR,76,20230221,20230221
1512,AFR0900,FRANCE - ARIEGE,FR,76,20230221,20230221
1513,AFR1000,FRANCE - AUBE,FR,76,20230221,20230221
1514,AFR1100,FRANCE - AUDE,FR,76,20230221,20230221
1515,AFR1200,FRANCE - AVEYRON,FR,76,20230221,20230221
1516,AFR1300,FRANCE - BOUCHES-DU-RHONE,FR,76,20230221,20230221
1517,AFR1400,FRANCE - CALVADOS,FR,76,20230221,20230221
1518,AFR1500,FRANCE - CANTAL,FR,76,20230221,20230221
1519,AFR1600,FRANCE - CHARENTE,FR,76,20230221,20230221
1520,AFR1700,FRANCE - CHARENTE-MARITIME,FR,76,20230221,20230221
1521,AFR1800,FRANCE - CHER,FR,76,20230221,20230221
1522,AFR1900,FRANCE - CORREZE,FR,76,20230221,20230221
1523,AFR2000,FRANCE - CORSE,FR,76,20230221,20230221
1524,AFR2100,FRANCE - COTE-D'OR,FR,76,20230221,20230221
1525,AFR2200,FRANCE - COTES-D'ARMOR,FR,76,20230221,20230221
1526,AFR2300,FRANCE - CREUSE,FR,76,20230221,20230221
1527,AFR2400,FRANCE - DORDOGNE,FR,76,20230221,20230221
1528,AFR2500,FRANCE - DOUBS,FR,76,20230221,20230221
1529,AFR2600,FRANCE - DROME,FR,76,20230221,20230221
1530,AFR2700,FRANCE - EURE,FR,76,20230221,20230221
1531,AFR2800,FRANCE - EURE-ET-LOIRE,FR,76,20230221,20230221
1532,AFR2900,FRANCE - FINISTERE,FR,76,20230221,20230221
1533,AFR3000,FRANCE - GARD,FR,76,20230221,20230221
1534,AFR3100,FRANCE - GARONNE(HAUTE),FR,76,20230221,20230221
1535,AFR3200,FRANCE - GERS,FR,76,20230221,20230221
1536,AFR3300,FRANCE - GIRONDE,FR,76,20230221,20230221
1537,AFR3400,FRANCE - HERAULT,FR,76,20230221,20230221
1538,AFR3500,FRANCE - ILLE-ET-VILAINE,FR,76,20230221,20230221
1539,AFR3600,FRANCE - INDRE,FR,76,20230221,20230221
1540,AFR3700,FRANCE - INDRE-ET-LOIRE,FR,76,20230221,20230221
1541,AFR3800,FRANCE - ISERE,FR,76,20230221,20230221
1542,AFR3900,FRANCE - JURA,FR,76,20230221,20230221
1543,AFR4000,FRANCE - LANDES,FR,76,20230221,20230221
1544,AFR4100,FRANCE - LOIR-ET-CHER,FR,76,20230221,20230221
1545,AFR4200,FRANCE - LOIRE,FR,76,20230221,20230221
1546,AFR4300,FRANCE - LOIRE(HAUTE),FR,76,20230221,20230221
1547,AFR4400,FRANCE - LOIRE-ATLANTIQUE,FR,76,20230221,20230221
1548,AFR4500,FRANCE - LOIRET,FR,76,20230221,20230221
1549,AFR4600,FRANCE - LOT,FR,76,20230221,20230221
1550,AFR4700,FRANCE - LOT-ET-GARONNE,FR,76,20230221,20230221
1551,AFR4800,FRANCE - LOZERE,FR,76,20230221,20230221
1552,AFR4900,FRANCE - MAINE-ET-LOIRE,FR,76,20230221,20230221
1553,AFR5000,FRANCE - MANCHE,FR,76,20230221,20230221
1554,AFR5100,FRANCE - MARNE,FR,76,20230221,20230221
1555,AFR5200,FRANCE - MARNE(HAUTE),FR,76,20230221,20230221
1556,AFR5300,FRANCE - MAYENNE,FR,76,20230221,20230221
1557,AFR5400,FRANCE - MEURTHE-ET-MOSELLE,FR,76,20230221,20230221
1558,AFR5500,FRANCE - MEUSE,FR,76,20230221,20230221
1559,AFR5600,FRANCE - MORBIHAN,FR,76,20230221,20230221
1560,AFR5700,FRANCE - MOSELLE,FR,76,20230221,20230221
1561,AFR5800,FRANCE - NIEVRE,FR,76,20230221,20230221
1562,AFR5900,FRANCE - NORD,FR,76,20230221,20230221
1563,AFR6000,FRANCE - OISE,FR,76,20230221,20230221
1564,AFR6100,FRANCE - ORNE,FR,76,20230221,20230221
1565,AFR6200,FRANCE - PAS-DE-CALAIS,FR,76,20230221,20230221
1566,AFR6300,FRANCE - PUY-DE-DOME,FR,76,20230221,20230221
1567,AFR6400,FRANCE - PYRENEES-ALTANTIQUE,FR,76,20230221,20230221
1568,AFR6500,FRANCE - PYRENEES(HAUTES),FR,76,20230221,20230221
1569,AFR6600,FRANCE - PYRENEES-ORIENTALES,FR,76,20230221,20230221
1570,AFR6700,FRANCE - RHIN(BAS),FR,76,20230221,20230221
1571,AFR6800,FRANCE - RHIN(HAUTE),FR,76,20230221,20230221
1572,AFR6900,FRANCE - RHONE,FR,76,20230221,20230221
1573,AFR7000,FRANCE - SAONE(HAUTE),FR,76,20230221,20230221
1574,AFR7100,FRANCE - SAONE-ET-LOIRE,FR,76,20230221,20230221
1575,AFR7200,FRANCE - SARTHE,FR,76,20230221,20230221
1576,AFR7300,FRANCE - SAVOIE,FR,76,20230221,20230221
1577,AFR7400,FRANCE - SAVOIE(HAUTE),FR,76,20230221,20230221
1578,AFR7500,FRANCE - PARIS(VILLE DE),FR,76,20230221,20230221
1579,AFR7600,FRANCE - SEINE-MARITIME,FR,76,20230221,20230221
1580,AFR7700,FRANCE - SEINE-ET-MARNE,FR,76,20230221,20230221
1581,AFR7800,FRANCE - YVELINES,FR,76,20230221,20230221
1582,AFR7900,FRANCE - SEVRES(DEUX),FR,76,20230221,20230221
1583,AFR8000,FRANCE - SOMME,FR,76,20230221,20230221
1584,AFR8100,FRANCE - TARN,FR,76,20230221,20230221
1585,AFR8200,FRANCE - TARN-ET-GARONNE,FR,76,20230221,20230221
1586,AFR8300,FRANCE - VAR,FR,76,20230221,20230221
1587,AFR8400,FRANCE - VAUCLUSE,FR,76,20230221,20230221
1588,AFR8500,FRANCE - VENDEE,FR,76,20230221,20230221
1589,AFR8600,FRANCE - VIENNE,FR,76,20230221,20230221
1590,AFR8700,FRANCE - VIENNE(HAUTE),FR,76,20230221,20230221
1591,AFR8800,FRANCE - VOSGES,FR,76,20230221,20230221
1592,AFR8900,FRANCE - YONNE,FR,76,20230221,20230221
1593,AFR9000,FRANCE - BELFORT(TERRITOIRE DE),FR,76,20230221,20230221
1594,AFR9100,FRANCE - ESSONNE,FR,76,20230221,20230221
1595,AFR9200,FRANCE - HAUTS-DE-SEINE,FR,76,20230221,20230221
1596,AFR9300,FRANCE - SEINE-SAINT-DENIS,FR,76,20230221,20230221
1597,AFR9400,FRANCE - VAI-DE-MARNE,FR,76,20230221,20230221
1598,AFR9500,FRANCE - VAL-D'OISE,FR,76,20230221,20230221
1599,AFR9800,FRANCE - ENTIRE COUNTRY(FLOOD),FR,76,20230221,20230221
1600,AFR9900,FRANCE - ENTIRE COUNTRY(WINDSTORM),FR,76,20230221,20230221
1601,AGE0000,GEORGIA - ENTIRE COUNTRY (EQ),GE,79,20230221,20230221
1602,AGE9800,GEORGIA - ENTIRE COUNTRY (FLOOD),GE,79,20230221,20230221
1603,AGI0000,GIBRALTAR - ENTIRE COUNTRY (EQ),GI,82,20230221,20230221
1604,AGR0000,GREECE - ENTIRE COUNTRY(E.Q),GR,88,20230221,20230221
1605,AGR0100,GREECE - THRAKI AND ISLAND OF SAMOTHRAKI,GR,88,20230221,20230221
1606,AGR0200,GREECE - MAKEDHONIA AND ISLAND OF THASOS,GR,88,20230221,20230221
1607,AGR0300,GREECE - CITY OF THESSALONIKI,GR,88,20230221,20230221
1608,AGR0400,GREECE - IPIROS AND ISLAND OF KERKIRA,GR,88,20230221,20230221
1609,AGR0500,GREECE - THESSALIA (EXCL VOLOS),GR,88,20230221,20230221
1610,AGR0600,GREECE - CITY OF VOLOS,GR,88,20230221,20230221
1611,AGR0700,GREECE - STEREA ELLAS (EXCL ATHINAI AND PIRAIEVS),GR,88,20230221,20230221
1612,AGR0800,GREECE - EVVOIA,GR,88,20230221,20230221
1613,AGR0900,GREECE - CITY OF ATHINAI AND PIRAIEVS,GR,88,20230221,20230221
1614,AGR1000,GREECE - SOUTHERN IONIAN ISLANDS,GR,88,20230221,20230221
1615,AGR1100,GREECE - PELEPONNISOS,GR,88,20230221,20230221
1616,AGR1200,GREECE - CITY OF PATRAI,GR,88,20230221,20230221
1617,AGR1300,GREECE - VORIAI SPORADHES/LIMNOS/N.SPORADHES,GR,88,20230221,20230221
1618,AGR1400,GREECE - KRITI,GR,88,20230221,20230221
1619,AGR1500,GREECE - CITY OF IRAKLION,GR,88,20230221,20230221
1620,AGR1600,GREECE - RHODES/KOS/SOUTHERN SPORADHES,GR,88,20230221,20230221
1621,AGR9800,GREECE - ENTIRE COUNTRY(FLOOD),GR,88,20230221,20230221
1622,AGR9900,GREECE - ENTIRE COUNTRY(WINDSTORM),GR,88,20230221,20230221
1623,AHU0000,HUNGARY - ENTIRE COUNTRY(EQ),HU,98,20230221,20230221
1624,AHU0100,HUNGARY - CITY OF BUDAPEST,HU,98,20230221,20230221
1625,AHU0200,HUNGARY - GYOR-SOPRON,HU,98,20230221,20230221
1626,AHU0300,HUNGARY - CITY OF GYOR,HU,98,20230221,20230221
1627,AHU0400,HUNGARY - VAS,HU,98,20230221,20230221
1628,AHU0500,HUNGARY - ZALA,HU,98,20230221,20230221
1629,AHU0600,HUNGARY - VESZPREM,HU,98,20230221,20230221
1630,AHU0700,HUNGARY - SOMOGY,HU,98,20230221,20230221
1631,AHU0800,HUNGARY - KOMAROM,HU,98,20230221,20230221
1632,AHU0900,HUNGARY - FEJER,HU,98,20230221,20230221
1633,AHU1000,HUNGARY - TOLNA,HU,98,20230221,20230221
1634,AHU1100,HUNGARY - BARANYA,HU,98,20230221,20230221
1635,AHU1200,HUNGARY - CITY OF PECS,HU,98,20230221,20230221
1636,AHU1300,HUNGARY - NOGRAD,HU,98,20230221,20230221
1637,AHU1400,HUNGARY - PEST,HU,98,20230221,20230221
1638,AHU1500,HUNGARY - BACS-KISKUN,HU,98,20230221,20230221
1639,AHU1600,HUNGARY - BORSOD-ABAUJ-ZEMPLEN,HU,98,20230221,20230221
1640,AHU1700,HUNGARY - CITY OF MISKOLC,HU,98,20230221,20230221
1641,AHU1800,HUNGARY - HEVES,HU,98,20230221,20230221
1642,AHU1900,HUNGARY - SZOLNOK,HU,98,20230221,20230221
1643,AHU2000,HUNGARY - CSONGRAD,HU,98,20230221,20230221
1644,AHU2100,HUNGARY - SZABOLCS-SZATMAR,HU,98,20230221,20230221
1645,AHU2200,HUNGARY - HADJU-BIHAR,HU,98,20230221,20230221
1646,AHU2300,HUNGARY - CITY OF DEBRECEN,HU,98,20230221,20230221
1647,AHU2400,HUNGARY - BEKES,HU,98,20230221,20230221
1648,AHU9800,HUNGARY - ENTIRE COUNTRY (FLOOD),HU,98,20230221,20230221
1649,AIE0000,IRELAND - ENTIRE COUNTRY,IE,101,20230221,20230221
1650,AIE9800,IRELAND - ENTIRE COUNTRY(FLOOD),IE,101,20230221,20230221
1651,AIE9900,IRELAND - ENTIRE COUNTRY(WINDSTORM),IE,101,20230221,20230221
1652,AIS0000,ICELAND - ENTIRE COUNTRY(EQ),IS,107,20230221,20230221
1653,AIS9800,ICELAND - ENTIRE COUNTRY(FLOOD),IS,107,20230221,20230221
1654,AIS9900,ICELAND - ENTIRE COUNTRY(WINDSTORM),IS,107,20230221,20230221
1655,AIT0000,ITALY - ENTIRE COUNTRY(E.Q),IT,108,20230221,20230221
1656,AIT0100,"ITALY - PLEMONTE, VALLE D'AOSTA, LIGURIA",IT,108,20230221,20230221
1657,AIT0101,ITALY - TORINO,IT,108,20230221,20230221
1658,AIT0200,"ITALY - LOMBARDIA, EMILLA-ROMAGNA",IT,108,20230221,20230221
1659,AIT0201,ITALY - MILANO,IT,108,20230221,20230221
1660,AIT0202,ITALY - BOLOGNA,IT,108,20230221,20230221
1661,AIT0300,"ITALY - VENETO,TRENTINO-ALTO ADIGE,FRIULL-VENEZI",IT,108,20230221,20230221
1662,AIT0301,ITALY - UDINE E PORDENONE,IT,108,20230221,20230221
1663,AIT0400,ITALY - TOSCANA/LAZIO,IT,108,20230221,20230221
1664,AIT0401,ITALY - ROMA,IT,108,20230221,20230221
1665,AIT0500,"ITALY - MARCHE,UMBRIA,ABRUZZA,MOLISE",IT,108,20230221,20230221
1666,AIT0501,ITALY - L'AQULLA,IT,108,20230221,20230221
1667,AIT0600,ITALY - PUGLIA,IT,108,20230221,20230221
1668,AIT0601,ITALY - FOGGIA,IT,108,20230221,20230221
1669,AIT0700,"ITALY - CAMPANIA,BASILICATA,CALABRIA",IT,108,20230221,20230221
1670,AIT0701,ITALY - NAPOLI,IT,108,20230221,20230221
1671,AIT0702,ITALY - BENEVENTO E AVELLINO,IT,108,20230221,20230221
1672,AIT0703,ITALY - POTENZA,IT,108,20230221,20230221
1673,AIT0704,ITALY - CATANZARO E REGGIO CALABRIA,IT,108,20230221,20230221
1674,AIT0800,ITALY - SICILIA,IT,108,20230221,20230221
1675,AIT0801,ITALY - MESSINA E CATANIA,IT,108,20230221,20230221
1676,AIT0802,ITALY - SIRACUSA E RAGUSA,IT,108,20230221,20230221
1677,AIT0900,ITALY - SARDEGNA,IT,108,20230221,20230221
1678,AIT9800,ITALY - ENTIRE COUNTRY(FLOOD),IT,108,20230221,20230221
1679,AIT9900,ITALY - ENTIRE COUNTRY(WINDSTORM),IT,108,20230221,20230221
1680,AKG0000,KYRGYZSTAN - ENTIRE COUNTRY (EQ),KG,114,20230221,20230221
1681,ALT9900,LITHUANIA - ENTIRE COUNTRY (WINDSTORM),LT,132,20230221,20230221
1682,ALU0000,LUXEMBOURG - ENTIRE COUNTRY,LU,133,20230221,20230221
1683,ALU9800,LUXEMBOURG - ENTIRE COUNTRY(FLOOD),LU,133,20230221,20230221
1684,ALU9900,LUXEMBOURG - ENTIRE COUNTRY(WINDSTORM),LU,133,20230221,20230221
1685,AMC0000,MONACO - ENTIRE COUNTRY (EQ),MC,137,20230221,20230221
1686,AMD0000,MOLDOVA - ENTIRE COUNTRY (EARTHQUAKE),MD,138,20230221,20230221
1687,AMD9800,MOLDOVA - ENTIRE COUNTRY (FLOOD),MD,138,20230221,20230221
1688,AMT0000,MALTA - ENTIRE COUNTRY (EQ),MT,150,20230221,20230221
1689,ANL0000,NETHERLANDS - ENTIRE COUNTRY,NL,162,20230221,20230221
1690,ANL9800,NETHERLANDS - ENTIRE COUNTRY(FLOOD),NL,162,20230221,20230221
1691,ANL9900,NETHERLANDS - ENTIRE COUNTRY(WINDSTORM),NL,162,20230221,20230221
1692,ANO0000,NORWAY - ENTIRE COUNTRY (E.Q. N/A),NO,163,20230221,20230221
1693,ANO9800,NORWAY - ENTIRE COUNTRY(FLOOD),NO,163,20230221,20230221
1694,ANO9900,NORWAY - ENTIRE COUNTRY(WINDSTORM),NO,163,20230221,20230221
1695,APL9800,POLAND - ENTIRE COUNTRY (FLOOD),PL,178,20230221,20230221
1696,APL9900,POLAND - ENTIRE COUNTRY (WINDSTORM),PL,178,20230221,20230221
1697,APT0000,PORTUGAL - ENTIRE COUNTRY(EQ),PT,182,20230221,20230221
1698,APT0100,PORTUGAL - ALOCHETE/LISBOA,PT,182,20230221,20230221
1699,APT0200,PORTUGAL - ALBUFEIRA & SOUTHERN PORTUGAL,PT,182,20230221,20230221
1700,APT0300,PORTUGAL - ABRANTES/LEIRIA/EVORA,PT,182,20230221,20230221
1701,APT0400,PORTUGAL - AGUEDA/ALBERGAIRA-A-VELHA/ANADIA,PT,182,20230221,20230221
1702,APT0500,PORTUGAL - AGUIAR DE BERIA & NORTHERN PORTUGAL,PT,182,20230221,20230221
1703,APT0600,PORTUGAL - AZORES,PT,182,20230221,20230221
1704,APT0700,PORTUGAL - MADEIRA,PT,182,20230221,20230221
1705,APT9800,PORTUGAL - ENTIRE COUNTRY(FLOOD),PT,182,20230221,20230221
1706,APT9900,PORTUGAL - ENTIRE COUNTRY(WINDSTORM),PT,182,20230221,20230221
1707,ARO0000,ROMANIA - ENTIRE COUNTRY (EQ),RO,187,20230221,20230221
1708,ARO0100,ROMANIA - ALBA,RO,187,20230221,20230221
1709,ARO0200,ROMANIA - ARAD,RO,187,20230221,20230221
1710,ARO0300,ROMANIA - ARGES,RO,187,20230221,20230221
1711,ARO0400,ROMANIA - BACAU,RO,187,20230221,20230221
1712,ARO0500,ROMANIA - BIHOR,RO,187,20230221,20230221
1713,ARO0600,ROMANIA - BISTRITA- NASAUD,RO,187,20230221,20230221
1714,ARO0700,ROMANIA - BOTOSANI,RO,187,20230221,20230221
1715,ARO0800,ROMANIA - BRAILA,RO,187,20230221,20230221
1716,ARO0900,ROMANIA - BRASOV,RO,187,20230221,20230221
1717,ARO1000,ROMANIA - BUZAU,RO,187,20230221,20230221
1718,ARO1100,ROMANIA - CARAS-SEVERIN,RO,187,20230221,20230221
1719,ARO1200,ROMANIA - CALARASI,RO,187,20230221,20230221
1720,ARO1300,ROMANIA - CULJ,RO,187,20230221,20230221
1721,ARO1400,ROMANIA - CONSTANTA,RO,187,20230221,20230221
1722,ARO1500,ROMANIA - COVASNA,RO,187,20230221,20230221
1723,ARO1600,ROMANIA - DIMBOVITA,RO,187,20230221,20230221
1724,ARO1700,ROMANIA - DOLJ,RO,187,20230221,20230221
1725,ARO1800,ROMANIA - GALATI,RO,187,20230221,20230221
1726,ARO1900,ROMANIA - GIURGIU,RO,187,20230221,20230221
1727,ARO2000,ROMANIA - GORJ,RO,187,20230221,20230221
1728,ARO2100,ROMANIA - HARGITA,RO,187,20230221,20230221
1729,ARO2200,ROMANIA - HUNEDOARA,RO,187,20230221,20230221
1730,ARO2300,ROMANIA - IALOMITA,RO,187,20230221,20230221
1731,ARO2400,ROMANIA - IASI,RO,187,20230221,20230221
1732,ARO2500,ROMANIA - MAREMURES,RO,187,20230221,20230221
1733,ARO2600,ROMANIA - MEHEDINTI,RO,187,20230221,20230221
1734,ARO2700,ROMANIA - MURES,RO,187,20230221,20230221
1735,ARO2800,ROMANIA - NEAMT,RO,187,20230221,20230221
1736,ARO2900,ROMANIA - OLT,RO,187,20230221,20230221
1737,ARO3000,ROMANIA - PROHOVA,RO,187,20230221,20230221
1738,ARO3100,ROMANIA - SALAJ,RO,187,20230221,20230221
1739,ARO3200,ROMANIA - SATU MARE,RO,187,20230221,20230221
1740,ARO3300,ROMANIA - SIBIU,RO,187,20230221,20230221
1741,ARO3400,ROMANIA - SUCEAVA,RO,187,20230221,20230221
1742,ARO3500,ROMANIA - TELEORMAN,RO,187,20230221,20230221
1743,ARO3600,ROMANIA - TIMIS,RO,187,20230221,20230221
1744,ARO3700,ROMANIA - TULCEA,RO,187,20230221,20230221
1745,ARO3800,ROMANIA - VASLUI,RO,187,20230221,20230221
1746,ARO3900,ROMANIA - VILCEA,RO,187,20230221,20230221
1747,ARO4000,ROMANIA - VRANCEA,RO,187,20230221,20230221
1748,ARO4100,ROMANIA - BUCURESTI,RO,187,20230221,20230221
1749,ARU0000,RUSSIAN FEDERATION - ENTIRE COUNTRY (EQ),RU,188,20230221,20230221
1750,ASE0000,SWEDEN - ENTIRE COUNTRY(E.Q. ),SE,194,20230221,20230221
1751,ASE0100,SWEDEN - STOCKHOLMS/UPASALA/SODERMAN,SE,194,20230221,20230221
1752,ASE0200,SWEDEN - KALMAR/OSTERGOTLANDS/OLAND/GOTLAND,SE,194,20230221,20230221
1753,ASE0300,SWEDEN - GOTEBORGS/BOHUS/HALLANDS/KRISTLANSTADS,SE,194,20230221,20230221
1754,ASE0400,SWEDEN - ALVSBORGS/SKARABORGS/JONKOPINGS/KRONOBER,SE,194,20230221,20230221
1755,ASE0500,SWEDEN - GAVLEBORGS/VASTER NORRLANDS/NORRBOTTENS,SE,194,20230221,20230221
1756,ASE9800,SWEDEN - ENTIRE COUNTRY(FLOOD),SE,194,20230221,20230221
1757,ASE9900,SWEDEN - ENTIRE COUNTRY(WINDSTORM),SE,194,20230221,20230221
1758,ASK9800,SLOVAKIA - ENTIRE COUNTRY (FLOOD),SK,199,20230221,20230221
1759,ATM0000,TURKMENISTAN - ENTIRE COUNTRY (EQ),TM,216,20230221,20230221
1760,AUA9800,UKRANIAN SSR - ENTIRE COUNTRY (FLOOD),UA,225,20230221,20230221
1761,AUZ0000,UZBEKISTAN - ENTIRE COUNTRY (EQ),UZ,230,20230221,20230221
1762,AUZ9800,UZBEKISTAN - ENTIRE COUNTRY (FLOOD),UZ,230,20230221,20230221
1763,AUZ9900,UZBEKISTAN - ENTIRE COUNTRY (WINDSTORM),UZ,230,20230221,20230221
1764,AYU0000,YUGOSLAVIA - ENTIRE COUNTRY (EQ),YU,243,20230221,20230221
1765,BCA0000,CANADA - ENTIRE COUNTRY(EQ),CA,38,20230221,20230221
1766,BCA0100,"CANADA - RICHMOND, FRASER DELTA",CA,38,20230221,20230221
1767,BCA0200,CANADA - REST OF GREATER VANCOUVER,CA,38,20230221,20230221
1768,BCA0300,CANADA - VICTORIA,CA,38,20230221,20230221
1769,BCA0400,CANADA - REST OF VANCOUVER EARTHQUAKE ZONE,CA,38,20230221,20230221
1770,BCA0500,CANADA - MONTREAL,CA,38,20230221,20230221
1771,BCA0600,CANADA - GREATER MONTREAL,CA,38,20230221,20230221
1772,BCA0700,CANADA - SURROUNDINGS OF MONTREAL,CA,38,20230221,20230221
1773,BCA0800,CANADA - REST OF MONTREAL EARTHQUAKE ZONE,CA,38,20230221,20230221
1774,BCA0900,CANADA - QUEBEC CITY AND EPICENTRAL REGION,CA,38,20230221,20230221
1775,BCA1000,CANADA - REST OF QUEBEC EARTHQUAKE ZONE,CA,38,20230221,20230221
1776,BCA1100,CANADA - BRITISH COLUMBIA,CA,38,20230221,20230221
1777,BCA1200,CANADA - ALBERTA,CA,38,20230221,20230221
1778,BCA1300,CANADA - SASKATCHEWAN,CA,38,20230221,20230221
1779,BCA1400,CANADA - MANITOBA,CA,38,20230221,20230221
1780,BCA1500,CANADA - ONTARIO,CA,38,20230221,20230221
1781,BCA1600,CANADA - QUEBEC,CA,38,20230221,20230221
1782,BCA1700,CANADA - MARITIME PROVINCES,CA,38,20230221,20230221
1783,BCA1800,CANADA - NEWFOUNDLAND,CA,38,20230221,20230221
1784,BCA1900,CANADA - YUKON TERITORY,CA,38,20230221,20230221
1785,BCA2000,CANADA - NORTHWEST TERITORIES,CA,38,20230221,20230221
1786,BCA9800,CANADA - ENTIRE COUNTRY(FLOOD),CA,38,20230221,20230221
1787,BCA9900,CANADA - ENTIRE COUNTRY(WINDSTORM),CA,38,20230221,20230221
1788,BUS0000,U.S.A. - ENTIRE COUNTRY(EQ),US,228,20230221,20230221
1789,BUS0100,U.S.A. - CALIFORNIA - ZONE A1,US,228,20230221,20230221
1790,BUS0200,U.S.A. - CALIFORNIA - ZONE A2,US,228,20230221,20230221
1791,BUS0300,U.S.A. - CALIFORNIA - ZONE A3,US,228,20230221,20230221
1792,BUS0400,U.S.A. - CALIFORNIA - ZONE A4,US,228,20230221,20230221
1793,BUS0500,U.S.A. - CALIFORNIA - ZONE B1,US,228,20230221,20230221
1794,BUS0600,U.S.A. - CALIFORNIA - ZONE B2,US,228,20230221,20230221
1795,BUS0700,U.S.A. - CALIFORNIA - ZONE C,US,228,20230221,20230221
1796,BUS0800,U.S.A. - CALIFORNIA - ZONE D,US,228,20230221,20230221
1797,BUS0900,U.S.A. - CALIFORNIA - ZONE E,US,228,20230221,20230221
1798,BUS1000,U.S.A. - CALIFORNIA - ZONE F,US,228,20230221,20230221
1799,BUS1100,U.S.A. - CALIFORNIA - ZONE G,US,228,20230221,20230221
1800,BUS1200,U.S.A. - CALIFORNIA - ZONE H,US,228,20230221,20230221
1801,BUS9800,U.S.A. - ENTIRE COUNTRY(FLOOD),US,228,20230221,20230221
1802,BUS9900,U.S.A. - ENTIRE COUNTRY(WINDSTORM),US,228,20230221,20230221
1803,CAG0000,ANTIGUA - ENTIRE COUNTRY(EQ),AG,5,20230221,20230221
1804,CAG0100,ANTIGUA - SAINT JOHNS,AG,5,20230221,20230221
1805,CAG0200,ANTIGUA - REST OF ANTIGUA,AG,5,20230221,20230221
1806,CAG9800,ANTIGUA - ENTIRE COUNTRY,AG,5,20230221,20230221
1807,CAG9900,ANTIGUA - ENTIRE COUNTRY(WINDSTORM),AG,5,20230221,20230221
1808,CAI0000,ANGUILLA - ENTIRE COUNTRY (EQ),AI,6,20230221,20230221
1809,CAI9900,ANGUILLA - ENTIRE COUNTRY (WINDSTORM),AI,6,20230221,20230221
1810,CAW0000,ARUBA - ENTIRE COUNTRY (EQ),AW,16,20230221,20230221
1811,CAW9900,ARUBA - ENTIRE COUNTRY (WINDSTORM),AW,16,20230221,20230221
1812,CBB0000,BARBADOS - ENTIRE COUNTRY(EQ),BB,19,20230221,20230221
1813,CBB0100,BARBADOS - GREATER BRIDGETOWN,BB,19,20230221,20230221
1814,CBB0200,BARBADOS - GREATER BRIDGETOWN,BB,19,20230221,20230221
1815,CBB0300,BARBADOS - REMAINDER OF BARBADOS,BB,19,20230221,20230221
1816,CBB9800,BARBADOS - ENTIRE COUNTRY(FLOOD),BB,19,20230221,20230221
1817,CBB9900,BARBADOS - ENTIRE COUNTRY(WINDSTORM),BB,19,20230221,20230221
1818,CBM9900,BERMUDA - ENTIRE COUNTRY (WINDSTORM),BM,27,20230221,20230221
1819,CBS0000,BAHAMAS - ENTIRE COUNTRY,BS,31,20230221,20230221
1820,CBS9800,BAHAMAS - ENTIRE COUNTRY(FLOOD),BS,31,20230221,20230221
1821,CBS9900,BAHAMAS - ENTIRE COUNTRY(WINDSTORM),BS,31,20230221,20230221
1822,CBZ0000,BELIZE - ENTIRE COUNTRY (EQ),BZ,37,20230221,20230221
1823,CBZ9800,BELIZE - ENTIRE COUNTRY (FLOOD),BZ,37,20230221,20230221
1824,CBZ9900,BELIZE - ENTIRE COUNTRY (WINDSTORM),BZ,37,20230221,20230221
1825,CCR0000,COSTA RICA - ENTIRE COUNTRY(EQ),CR,50,20230221,20230221
1826,CCR0100,COSTA RICA - PROV DE SAN JOSE,CR,50,20230221,20230221
1827,CCR0200,COSTA RICA - PROV DE ALAJUELA,CR,50,20230221,20230221
1828,CCR0300,COSTA RICA - PROV DE CARTAGO,CR,50,20230221,20230221
1829,CCR0400,COSTA RICA - PROV DE HEREDIA,CR,50,20230221,20230221
1830,CCR0500,COSTA RICA - PROV DE GUANACASTE,CR,50,20230221,20230221
1831,CCR0600,COSTA RICA - PROV DE PUNTARENAS,CR,50,20230221,20230221
1832,CCR0700,COSTA RICA - PROV DE LIMON,CR,50,20230221,20230221
1833,CCR9800,COSTA RICA - ENTIRE COUNTRY(FLOOD),CR,50,20230221,20230221
1834,CCR9900,COSTA RICA - ENTIRE COUNTRY(WINDSTORM),CR,50,20230221,20230221
1835,CCU9900,CUBA - ENTIRE COUNTRY(WINDSTORM),CU,53,20230221,20230221
1836,CDO0000,DOMINICAN REPUBLIC - ENTIRE COUNTRY(EQ),DO,63,20230221,20230221
1837,CDO0100,DOMINICAN REPUBLIC - PEDERNALES  SOUTH WEST,DO,63,20230221,20230221
1838,CDO0200,DOMINICAN REPUBLIC - SAN CRISTOBAL & THE SOUTH EAST,DO,63,20230221,20230221
1839,CDO0300,DOMINICAN REPUBLIC - SAMANA & THE NORTH,DO,63,20230221,20230221
1840,CDO0400,DOMINICAN REPUBLIC - SANCHEZ RAMIREZ AND THE MIDLANDS,DO,63,20230221,20230221
1841,CDO0500,DOMINICAN REPUBLIC - DISTRITO NACIONAL (INCL SANTO DOMINGO),DO,63,20230221,20230221
1842,CDO9800,DOMINICAN REPUBLIC - ENTIRE COUNTRY(FLOOD),DO,63,20230221,20230221
1843,CDO9900,DOMINICAN REPUBLIC - ENTIRE COUNTRY(WINDSTORM),DO,63,20230221,20230221
1844,CGD9900,GRENEDA - ENTIRE COUNTRY (WINDSTORM),GD,78,20230221,20230221
1845,CGT0000,GUATEMALA - ENTIRE COUNTRY(EQ),GT,89,20230221,20230221
1846,CGT0100,GUATEMALA - GUATEMALA CITY,GT,89,20230221,20230221
1847,CGT0200,GUATEMALA - DEPARTAMENTO DE GUATEMALA,GT,89,20230221,20230221
1848,CGT0300,GUATEMALA - COSTA PACIFICA,GT,89,20230221,20230221
1849,CGT0301,GUATEMALA - SAN MARCOS,GT,89,20230221,20230221
1850,CGT0302,GUATEMALA - QUEZITENANGO,GT,89,20230221,20230221
1851,CGT0303,GUATEMALA - RETALHULEU,GT,89,20230221,20230221
1852,CGT0304,GUATEMALA - SOLOLA,GT,89,20230221,20230221
1853,CGT0305,GUATEMALA - SUCHITEPEQUEZ,GT,89,20230221,20230221
1854,CGT0306,GUATEMALA - ESCUINTLA,GT,89,20230221,20230221
1855,CGT0307,GUATEMALA - SANTA ROSA,GT,89,20230221,20230221
1856,CGT0308,GUATEMALA - JUTIAPA,GT,89,20230221,20230221
1857,CGT0309,GUATEMALA - CHIMALTENANGO,GT,89,20230221,20230221
1858,CGT0310,GUATEMALA - SACATEPEQUEZ,GT,89,20230221,20230221
1859,CGT0400,GUATEMALA - OTROS DEPARTAMENTOS,GT,89,20230221,20230221
1860,CGT0401,GUATEMALA - TOTONICAPAN,GT,89,20230221,20230221
1861,CGT0402,GUATEMALA - ELQUICHE,GT,89,20230221,20230221
1862,CGT0403,GUATEMALA - BAJA VERAPAZ,GT,89,20230221,20230221
1863,CGT0404,GUATEMALA - ALTA VERAPAZ,GT,89,20230221,20230221
1864,CGT0405,GUATEMALA - EL PROGRESCO,GT,89,20230221,20230221
1865,CGT0406,GUATEMALA - JALAPA,GT,89,20230221,20230221
1866,CGT0407,GUATEMALA - ZACAPA,GT,89,20230221,20230221
1867,CGT0408,GUATEMALA - IZABAL,GT,89,20230221,20230221
1868,CGT0409,GUATEMALA - EL PETEN,GT,89,20230221,20230221
1869,CGT0410,GUATEMALA - CHIQUIMULA,GT,89,20230221,20230221
1870,CGT0411,GUATEMALA - HUEHUETENANGO,GT,89,20230221,20230221
1871,CGT9800,GUATEMALA - ENTIRE COUNTRY(FLOOD),GT,89,20230221,20230221
1872,CGT9900,GUATEMALA - ENTIRE COUNTRY(WINDSTORM),GT,89,20230221,20230221
1873,CHN0000,HONDURAS - ENTIRE COUNTRY(EQ),HN,95,20230221,20230221
1874,CHN0100,HONDURAS - DISTRITO CENTRAL INCL. TEGUCIGALPA,HN,95,20230221,20230221
1875,CHN0200,HONDURAS - DEPTO FRANCISCO MORAZAN,HN,95,20230221,20230221
1876,CHN0300,HONDURAS - DEPTO. CORTES,HN,95,20230221,20230221
1877,CHN0400,HONDURAS - DEPTO. VALLE,HN,95,20230221,20230221
1878,CHN0500,HONDURAS - DEPTO. CHOLUTECA,HN,95,20230221,20230221
1879,CHN0600,HONDURAS - DEMAS DEPARTAMENTOS DE HONHURAS,HN,95,20230221,20230221
1880,CHN9800,HONDURAS - ENTIRE COUNTRY(FLOOD),HN,95,20230221,20230221
1881,CHN9900,HONDURAS - ENTIRE COUNTRY(WINDSTORM),HN,95,20230221,20230221
1882,CHT0000,HAITI - ENTIRE COUNTRY (EQ),HT,97,20230221,20230221
1883,CHT9800,HAITI - ENTIRE COUNTRY (FLOOD),HT,97,20230221,20230221
1884,CHT9900,HAITI - ENTIRE COUNTRY (WINDSTORM),HT,97,20230221,20230221
1885,CJM0000,JAMAICA - ENTIRE COUNTRY(EQ),JM,109,20230221,20230221
1886,CJM0100,JAMAICA - KINGSTONE WATERFRONT & NEWPORT AREA,JM,109,20230221,20230221
1887,CJM0200,JAMAICA - KINGSTON DOWNTOWN,JM,109,20230221,20230221
1888,CJM0300,JAMAICA - REST OF KINGSTON & ST. ANDREW,JM,109,20230221,20230221
1889,CJM0400,JAMAICA - MONTEGO BAY,JM,109,20230221,20230221
1890,CJM0500,JAMAICA - REST OF JAMAICA,JM,109,20230221,20230221
1891,CJM9800,JAMAICA - ENTIRE COUNTRY(FLOOD),JM,109,20230221,20230221
1892,CJM9900,JAMAICA - ENTIRE COUNTRY(WINDSTORM),JM,109,20230221,20230221
1893,CKY9900,CAYMAN ISLANDS - ENTIRE COUNTRY (WINDSTORM),KY,122,20230221,20230221
1894,CLC9900,SAINT LUCIA - ENTIRE COUNTRY (WINDSTORM),LC,126,20230221,20230221
1895,CMS0000,MONTSERRAT - ENTIRE COUNTRY (EQ),MS,149,20230221,20230221
1896,CMS9900,MONTSERRAT - ENTIRE COUNTRY (WINDSTORM),MS,149,20230221,20230221
1897,CMX0000,MEXICO - ENTIRE COUNTRY(EQ),MX,154,20230221,20230221
1898,CMX0100,MEXICO - DISTRITO FEDERAL (ZONA E),MX,154,20230221,20230221
1899,CMX0200,MEXICO - DISTRITO FEDERAL (ZONA F),MX,154,20230221,20230221
1900,CMX0500,MEXICO - ESTADO DE MEXICO,MX,154,20230221,20230221
1901,CMX0600,MEXICO - TOTAL VALLE DE MEXICO,MX,154,20230221,20230221
1902,CMX0700,MEXICO - ACAPULCO ZONE I,MX,154,20230221,20230221
1903,CMX0800,MEXICO - ACAPULCO ZONE J,MX,154,20230221,20230221
1904,CMX0900,MEXICO - MORELOS,MX,154,20230221,20230221
1905,CMX1000,MEXICO - BAJA CALIFORNIA,MX,154,20230221,20230221
1906,CMX1100,MEXICO - JALISCO,MX,154,20230221,20230221
1907,CMX1200,MEXICO - MICHOACAN,MX,154,20230221,20230221
1908,CMX1300,MEXICO - PUEBLA,MX,154,20230221,20230221
1909,CMX1400,MEXICO - TLAXCALA,MX,154,20230221,20230221
1910,CMX1500,MEXICO - VERACRUZ NORTE,MX,154,20230221,20230221
1911,CMX1600,MEXICO - VERACRUZ SUR,MX,154,20230221,20230221
1912,CMX1700,MEXICO - TABASCO,MX,154,20230221,20230221
1913,CMX1800,MEXICO - CHIAPAS Y OAXACA,MX,154,20230221,20230221
1914,CMX1900,MEXICO - RESTA DE LA REPUBLICA,MX,154,20230221,20230221
1915,CMX3a00,MEXICO - DISTRITO FEDERAL (ZONA G),MX,154,20230221,20230221
1916,CMX3b00,MEXICO - DISTRITO FEDERAL (ZONA G),MX,154,20230221,20230221
1917,CMX4a00,MEXICO - DISTRITO FEDERAL (ZONA H),MX,154,20230221,20230221
1918,CMX4b00,MEXICO - DISTRITO FEDERAL (ZONA H),MX,154,20230221,20230221
1919,CMX9800,MEXICO - ENTIRE COUNTRY(FLOOD),MX,154,20230221,20230221
1920,CMX9900,MEXICO - ENTIRE COUNTRY(WINDSTORM),MX,154,20230221,20230221
1921,CNI0000,NICARAGUA - ENTIRE COUNTRY(EQ),NI,161,20230221,20230221
1922,CNI0100,NICARAGUA - MANAGUA,NI,161,20230221,20230221
1923,CNI0200,NICARAGUA - RESTO DEL PAIS,NI,161,20230221,20230221
1924,CNI9800,NICARAGUA - ENTIRE COUNTRY(FLOOD),NI,161,20230221,20230221
1925,CNI9900,NICARAGUA - ENTIRE COUNTRY(WINDSTORM),NI,161,20230221,20230221
1926,CPA0000,PANAMA - ENTIRE COUNTRY(EQ),PA,170,20230221,20230221
1927,CPA0100,PANAMA - PROVINCIA DE PANAMA,PA,170,20230221,20230221
1928,CPA0200,"PANAMA - COLON, ZONA LIBRE",PA,170,20230221,20230221
1929,CPA0300,"PANAMA - COLON, ZONA LIBRE NUEVA",PA,170,20230221,20230221
1930,CPA0400,PANAMA - RESTO DE LA PROVINCA DE COLON,PA,170,20230221,20230221
1931,CPA0500,PANAMA - PERLAS Y OTRAS ISLANDS,PA,170,20230221,20230221
1932,CPA0600,PANAMA - PROVINCIA OESTA/BOCAS DEL TORO/CHIRIQUI,PA,170,20230221,20230221
1933,CPA0700,PANAMA - PROVINCIA ESTE/DARIEN/COMARCO/SAN BLAS,PA,170,20230221,20230221
1934,CPA9800,PANAMA - ENTIRE COUNTRY(FLOOD),PA,170,20230221,20230221
1935,CPA9900,PANAMA - ENTIRE COUNTRY(WINDSTORM),PA,170,20230221,20230221
1936,CPR0000,PUERTO RICO - ENTIRE COUNTRY(EQ),PR,181,20230221,20230221
1937,CPR0100,PUERTO RICO - SAN JUAN ANTIGUO/SANTURCE/RIO PIEDRAS,PR,181,20230221,20230221
1938,CPR0200,PUERTO RICO - ISLA GRANDE/CONDADO/CAROLINA,PR,181,20230221,20230221
1939,CPR0300,PUERTO RICO - TRUJILLO ALTO/CAGUAS/BAYAMON/CATANO,PR,181,20230221,20230221
1940,CPR0400,PUERTO RICO - PONCE,PR,181,20230221,20230221
1941,CPR0500,PUERTO RICO - MAYAGUEZ,PR,181,20230221,20230221
1942,CPR9800,PUERTO RICO - ENTIRE COUNTRY(FLOOD),PR,181,20230221,20230221
1943,CPR9900,PUERTO RICO - ENTIRE COUNTRY(WINDSTORM),PR,181,20230221,20230221
1944,CTT0000,TRINIDAD & TOBAGO - ENTIRE COUNTRY(EQ),TT,221,20230221,20230221
1945,CTT0100,TRINIDAD & TOBAGO - GREATER PORT OF SPAIN,TT,221,20230221,20230221
1946,CTT0102,TRINIDAD & TOBAGO - DIEGO MARTIN,TT,221,20230221,20230221
1947,CTT0103,TRINIDAD & TOBAGO - ST. ANNES,TT,221,20230221,20230221
1948,CTT0104,TRINIDAD & TOBAGO - TACARIGUA,TT,221,20230221,20230221
1949,CTT0105,TRINIDAD & TOBAGO - ARIMA,TT,221,20230221,20230221
1950,CTT0200,TRINIDAD & TOBAGO - REST OF TRINIDAD,TT,221,20230221,20230221
1951,CTT0300,TRINIDAD & TOBAGO - TOBAGO,TT,221,20230221,20230221
1952,CTT9800,TRINIDAD & TOBAGO - ENTIRE COUNTRY(FLOOD),TT,221,20230221,20230221
1953,CTT9900,TRINIDAD & TOBAGO - ENTIRE COUNTRY(WINDSTORM),TT,221,20230221,20230221
1954,DAU0000,AUSTRALIA - ENTIRE COUNTRY(EQ),AU,15,20230221,20230221
1955,DAU0100,AUSTRALIA - BRISBANE,AU,15,20230221,20230221
1956,DAU0200,AUSTRALIA - BRISBANE,AU,15,20230221,20230221
1957,DAU0500,AUSTRALIA - GLADSTONE/ROCKHAMPTON,AU,15,20230221,20230221
1958,DAU0700,AUSTRALIA - MACKAY,AU,15,20230221,20230221
1959,DAU0900,AUSTRALIA - TOWNSVILLE,AU,15,20230221,20230221
1960,DAU1100,AUSTRALIA - CAIRNS,AU,15,20230221,20230221
1961,DAU1600,AUSTRALIA - DARWIN,AU,15,20230221,20230221
1962,DAU1900,AUSTRALIA - DAMPIER/PORT HEADLAND,AU,15,20230221,20230221
1963,DAU2300,AUSTRALIA - PERTH,AU,15,20230221,20230221
1964,DAU2600,AUSTRALIA - ADELAIDE,AU,15,20230221,20230221
1965,DAU2700,AUSTRALIA - ADELAIDE,AU,15,20230221,20230221
1966,DAU2900,AUSTRALIA - TASMANIA,AU,15,20230221,20230221
1967,DAU3200,AUSTRALIA - MELBOURNE,AU,15,20230221,20230221
1968,DAU4100,AUSTRALIA - WOLLONGONG,AU,15,20230221,20230221
1969,DAU4200,AUSTRALIA - SIDNEY (REST OF SIDNEY),AU,15,20230221,20230221
1970,DAU4300,AUSTRALIA - SIDNEY (NORTHERN SUBURBS),AU,15,20230221,20230221
1971,DAU4400,AUSTRALIA - SIDNEY (WESTERN SUBURBS),AU,15,20230221,20230221
1972,DAU4500,AUSTRALIA - SIDNEY (SOUTHERN SUBURBS),AU,15,20230221,20230221
1973,DAU4700,AUSTRALIA - NEWCASTLE,AU,15,20230221,20230221
1974,DAU9800,AUSTRALIA - ENTIRE COUNTRY(FLOOD),AU,15,20230221,20230221
1975,DAU9900,AUSTRALIA - ENTIRE COUNTRY(WINDSTORM),AU,15,20230221,20230221
1976,DNZ0000,NEW ZEALAND - ENTIRE COUNTRY(EQ),NZ,168,20230221,20230221
1977,DNZ0100,NEW ZEALAND - NORTHLAND,NZ,168,20230221,20230221
1978,DNZ0200,NEW ZEALAND - AUCKLAND,NZ,168,20230221,20230221
1979,DNZ0300,NEW ZEALAND - WAIKATO,NZ,168,20230221,20230221
1980,DNZ0400,NEW ZEALAND - BAY OF PLENTY,NZ,168,20230221,20230221
1981,DNZ0500,NEW ZEALAND - TARANAKI,NZ,168,20230221,20230221
1982,DNZ0600,NEW ZEALAND - EAST COAST,NZ,168,20230221,20230221
1983,DNZ0700,NEW ZEALAND - MANAWATU,NZ,168,20230221,20230221
1984,DNZ0800,NEW ZEALAND - HAWKES BAY,NZ,168,20230221,20230221
1985,DNZ0900,NEW ZEALAND - WAIRARAPA,NZ,168,20230221,20230221
1986,DNZ1000,NEW ZEALAND - WELLINGTON,NZ,168,20230221,20230221
1987,DNZ1100,NEW ZEALAND - NELSON,NZ,168,20230221,20230221
1988,DNZ1200,NEW ZEALAND - MARLBOROUGH,NZ,168,20230221,20230221
1989,DNZ1300,NEW ZEALAND - CANTERBURY,NZ,168,20230221,20230221
1990,DNZ1400,NEW ZEALAND - WESTLAND,NZ,168,20230221,20230221
1991,DNZ1500,NEW ZEALAND - OTAGO,NZ,168,20230221,20230221
1992,DNZ1600,NEW ZEALAND - SOUTHLAND,NZ,168,20230221,20230221
1993,DNZ1700,NEW ZEALAND - PACIFIC ISLANDS,NZ,168,20230221,20230221
1994,DNZ1800,NEW ZEALAND - FLOATER,NZ,168,20230221,20230221
1995,DNZ9800,NEW ZEALAND - ENTIRE COUNTRY(FLOOD),NZ,168,20230221,20230221
1996,DNZ9900,NEW ZEALAND - ENTIRE COUNTRY(WINDSTORM),NZ,168,20230221,20230221
1997,XAN0000,NETHERLANDS ANTILLES - ENTIRE COUNTRY(EQ),AN,9,20230221,20230221
1998,XAN0101,NETHERLANDS ANTILLES - ARUBA,AN,9,20230221,20230221
1999,XAN0201,NETHERLANDS ANTILLES - CURACAO,AN,9,20230221,20230221
2000,XAN0301,NETHERLANDS ANTILLES - BONAIRE,AN,9,20230221,20230221
2001,XAN0401,NETHERLANDS ANTILLES - SABA,AN,9,20230221,20230221
2002,XAN0501,NETHERLANDS ANTILLES - ST. EUSTATIUS,AN,9,20230221,20230221
2003,XAN0601,NETHERLANDS ANTILLES - ST. MARTIN,AN,9,20230221,20230221
2004,XAN9900,NETHERLANDS ANTILLES - ENTIRE COUNTRY (WINDSTORM),AN,9,20230221,20230221
2005,XAR0000,ARGENTINA - ENTIRE COUNTRY(EQ),AR,12,20230221,20230221
2006,XAR0101,ARGENTINA - GUYO AREA,AR,12,20230221,20230221
2007,XAR0102,ARGENTINA - MENDOZA,AR,12,20230221,20230221
2008,XAR0103,ARGENTINA - SAN JUAN,AR,12,20230221,20230221
2009,XAR0104,ARGENTINA - RIOJA,AR,12,20230221,20230221
2010,XAR0105,ARGENTINA - CATAMARCA,AR,12,20230221,20230221
2011,XAR0201,ARGENTINA - SALTA,AR,12,20230221,20230221
2012,XAR0202,ARGENTINA - JUJUY,AR,12,20230221,20230221
2013,XAR0203,ARGENTINA - NEUQUEN,AR,12,20230221,20230221
2014,XAR0301,ARGENTINA - TUCUMAN,AR,12,20230221,20230221
2015,XAR0302,ARGENTINA - CORDOBA,AR,12,20230221,20230221
2016,XAR0303,ARGENTINA - SAN LUIS,AR,12,20230221,20230221
2017,XAR0304,ARGENTINA - TIERRA DEL FUEGO,AR,12,20230221,20230221
2018,XAR0401,ARGENTINA - SANTIAGE DEL ESTERO,AR,12,20230221,20230221
2019,XAR0402,ARGENTINA - MINISIONES,AR,12,20230221,20230221
2020,XAR0403,ARGENTINA - RIO NEGRO,AR,12,20230221,20230221
2021,XAR0404,ARGENTINA - CHUBUT,AR,12,20230221,20230221
2022,XAR0405,ARGENTINA - SANTA CRUZ,AR,12,20230221,20230221
2023,XAR0501,ARGENTINA - BUENOS AIRES,AR,12,20230221,20230221
2024,XAR0502,ARGENTINA - SANTE FE,AR,12,20230221,20230221
2025,XAR0503,ARGENTINA - ENTRE RIOS,AR,12,20230221,20230221
2026,XAR0504,ARGENTINA - LE PAMPA,AR,12,20230221,20230221
2027,XAR0505,ARGENTINA - CHACO,AR,12,20230221,20230221
2028,XAR0506,ARGENTINA - FORMOSA,AR,12,20230221,20230221
2029,XAR0507,ARGENTINA - CORRIENTES,AR,12,20230221,20230221
2030,XAR9800,ARGENTINA - ENTIRE COUNTRY(FLOOD),AR,12,20230221,20230221
2031,XAR9900,ARGENTINA - ENTIRE COUNTRY,AR,12,20230221,20230221
2032,XBO9800,BOLIVIA - ENTIRE COUNTRY (FLOOD),BO,29,20230221,20230221
2033,XBR0000,BRAZIL - ENTIRE COUNTRY,BR,30,20230221,20230221
2034,XBR9800,BRAZIL - ENTIRE COUNTRY(FLOOD),BR,30,20230221,20230221
2035,XBR9900,BRAZIL - ENTIRE COUNTTRY,BR,30,20230221,20230221
2036,XCL0000,CHILE - ENTIRE COUNTRY(EQ),CL,46,20230221,20230221
2037,XCL0100,CHILE - NORTE,CL,46,20230221,20230221
2038,XCL0101,CHILE - TARAPACA,CL,46,20230221,20230221
2039,XCL0102,CHILE - ANTOFAGASTA,CL,46,20230221,20230221
2040,XCL0103,CHILE - ATACAMA,CL,46,20230221,20230221
2041,XCL0104,CHILE - COQUIMBO,CL,46,20230221,20230221
2042,XCL0200,CHILE - VALPARAISO/ACONCAGUA,CL,46,20230221,20230221
2043,XCL0300,CHILE - SANTIAGO,CL,46,20230221,20230221
2044,XCL0400,CHILE - CENTRALES,CL,46,20230221,20230221
2045,XCL0401,CHILE - O'HIGGINS,CL,46,20230221,20230221
2046,XCL0402,CHILE - COLCHAGUA,CL,46,20230221,20230221
2047,XCL0403,CHILE - CURICO,CL,46,20230221,20230221
2048,XCL0404,CHILE - TALCA,CL,46,20230221,20230221
2049,XCL0405,CHILE - MAULE,CL,46,20230221,20230221
2050,XCL0406,CHILE - LINARES,CL,46,20230221,20230221
2051,XCL0407,CHILE - NUBLE,CL,46,20230221,20230221
2052,XCL0408,CHILE - CONCEPCION,CL,46,20230221,20230221
2053,XCL0409,CHILE - BIO-BIO,CL,46,20230221,20230221
2054,XCL0410,CHILE - ARAUCO,CL,46,20230221,20230221
2055,XCL0500,CHILE - AUSTRALES,CL,46,20230221,20230221
2056,XCL0501,CHILE - MALLECO,CL,46,20230221,20230221
2057,XCL0502,CHILE - CAUTIN,CL,46,20230221,20230221
2058,XCL0503,CHILE - VALDIVIA,CL,46,20230221,20230221
2059,XCL0504,CHILE - OSORNO,CL,46,20230221,20230221
2060,XCL0505,CHILE - LLANQUIHUE,CL,46,20230221,20230221
2061,XCL0506,CHILE - CHILOE,CL,46,20230221,20230221
2062,XCL0507,CHILE - AISEN,CL,46,20230221,20230221
2063,XCL0508,CHILE - MAGLLANESE,CL,46,20230221,20230221
2064,XCL0509,CHILE - TIERRA DEL FUEGO,CL,46,20230221,20230221
2065,XCL0510,CHILE - ANTARCTICA CHILENA,CL,46,20230221,20230221
2066,XCL9800,CHILE - ENTIRE COUNTRY(FLOOD),CL,46,20230221,20230221
2067,XCL9900,CHILE - ENTIRE COUNTRY(WINDSTORM),CL,46,20230221,20230221
2068,XCO0000,COLOMBIA - ENTIRE COUNTRY(EQ),CO,49,20230221,20230221
2069,XCO0100,COLOMBIA - CUNDINAMARCA,CO,49,20230221,20230221
2070,XCO0200,COLOMBIA - CALDAS/QUINDIO/RISARALDA,CO,49,20230221,20230221
2071,XCO0300,COLOMBIA - TOLIMA,CO,49,20230221,20230221
2072,XCO0400,COLOMBIA - VALLE,CO,49,20230221,20230221
2073,XCO0500,COLOMBIA - HUILA/CAUCA/NARINO,CO,49,20230221,20230221
2074,XCO0600,COLOMBIA - PUTUMAYO/CAQUETA/META/CASANARE/VICHADA,CO,49,20230221,20230221
2075,XCO0700,COLOMBIA - BOYACA/ACAUCA/SANTANDER/NORTE DE SANTAND,CO,49,20230221,20230221
2076,XCO0800,COLOMBIA - MAGDALENA/BOLIVAR/ATLANTICO/SUCRE/CORDOB,CO,49,20230221,20230221
2077,XCO0900,COLOMBIA - ANTIOQUIA/CHOCO,CO,49,20230221,20230221
2078,XCO9800,COLOMBIA - ENTIRE COUNTRY(FLOOD),CO,49,20230221,20230221
2079,XCO9900,COLOMBIA - ENTIRE COUNTRY(WINDSTORM),CO,49,20230221,20230221
2080,XEC0000,ECUADOR - ENTIRE COUNTRY(EQ),EC,65,20230221,20230221
2081,XEC0100,ECUADOR - GUAYAS,EC,65,20230221,20230221
2082,XEC0200,ECUADOR - PICHINCHA,EC,65,20230221,20230221
2083,XEC0300,ECUADOR - RESTO DEL PAIS,EC,65,20230221,20230221
2084,XEC8800,ECUADOR - ENTIRE COUNTRY(FLOOD),EC,65,20230221,20230221
2085,XEC9900,ECUADOR - ENTIRE COUNTRY(WINDSTORM),EC,65,20230221,20230221
2086,XGP9900,GUADELOUPE - ENTIRE COUNTRY (WINDSTORM),GP,86,20230221,20230221
2087,XIL0000,ISRAEL - ENTIRE COUNTRY ( EQ ).,IL,102,20230221,20230221
2088,XIL9800,ISRAEL - ENTIRE COUNTRY ( FLOOD ).,IL,102,20230221,20230221
2089,XKN0100,ST.KITTS-NEVIS-ANGU - BASSETERRE,KN,118,20230221,20230221
2090,XKN0200,ST.KITTS-NEVIS-ANGU - REST OF ST. KITTS,KN,118,20230221,20230221
2091,XKN0300,ST.KITTS-NEVIS-ANGU - NEVIS,KN,118,20230221,20230221
2092,XKN0400,ST.KITTS-NEVIS-ANGU - ANGUILLA,KN,118,20230221,20230221
2093,XKN9900,ST.KITTS-NEVIS-ANGU - ENTIRE COUNTRY(WINDSTORM),KN,118,20230221,20230221
2094,XPE0000,PERU - ENTIRE COUNTRY(EQ),PE,172,20230221,20230221
2095,XPE0100,PERU - VENTANILLA,PE,172,20230221,20230221
2096,XPE0102,PERU - CALLAO,PE,172,20230221,20230221
2097,XPE0103,PERU - CARMEN DE LA LEGUA,PE,172,20230221,20230221
2098,XPE0104,PERU - BELLAVISTA,PE,172,20230221,20230221
2099,XPE0105,PERU - LA PERLA,PE,172,20230221,20230221
2100,XPE0200,PERU - SAN MARTIN DE PORRAS,PE,172,20230221,20230221
2101,XPE0202,PERU - LIMA,PE,172,20230221,20230221
2102,XPE0203,PERU - SAN MIGUEL,PE,172,20230221,20230221
2103,XPE0204,PERU - MAGDALENA DEL MAR,PE,172,20230221,20230221
2104,XPE0205,PERU - JESUS MARIA,PE,172,20230221,20230221
2105,XPE0206,PERU - PUEBLO LIBRE,PE,172,20230221,20230221
2106,XPE0207,PERU - BRENA,PE,172,20230221,20230221
2107,XPE0208,PERU - LA VICTORIA,PE,172,20230221,20230221
2108,XPE0209,PERU - SAN LUIS,PE,172,20230221,20230221
2109,XPE0300,PERU - LINCE,PE,172,20230221,20230221
2110,XPE0302,PERU - SAN ISIDRO,PE,172,20230221,20230221
2111,XPE0303,PERU - MIRAFLORES,PE,172,20230221,20230221
2112,XPE0400,PERU - EL AUGUSTINO,PE,172,20230221,20230221
2113,XPE0402,PERU - ATE,PE,172,20230221,20230221
2114,XPE0500,"PERU - BARRANCO,CHORRILLOS,REST OF THE CITY",PE,172,20230221,20230221
2115,XPE0600,PERU - TUMBES,PE,172,20230221,20230221
2116,XPE0602,PERU - PIURA,PE,172,20230221,20230221
2117,XPE0603,PERU - LAMBAYEQUE,PE,172,20230221,20230221
2118,XPE0700,PERU - CAJAMARCA,PE,172,20230221,20230221
2119,XPE0702,PERU - LA LIBERTAD,PE,172,20230221,20230221
2120,XPE0800,PERU - LORETO,PE,172,20230221,20230221
2121,XPE0802,PERU - AMAZONAS,PE,172,20230221,20230221
2122,XPE0803,PERU - SAN MARTINS,PE,172,20230221,20230221
2123,XPE0804,PERU - HUANUCO,PE,172,20230221,20230221
2124,XPE0805,PERU - UCAYALI,PE,172,20230221,20230221
2125,XPE0806,PERU - MADRE DE DIOS,PE,172,20230221,20230221
2126,XPE0807,PERU - CUZ00,PE,172,20230221,20230221
2127,XPE0808,PERU - PUNO,PE,172,20230221,20230221
2128,XPE0900,PERU - ANCASH,PE,172,20230221,20230221
2129,XPE1000,PERU - PASCO,PE,172,20230221,20230221
2130,XPE1002,PERU - JUNIN,PE,172,20230221,20230221
2131,XPE1003,PERU - HUANCAVELICA,PE,172,20230221,20230221
2132,XPE1004,PERU - AYACUCHO,PE,172,20230221,20230221
2133,XPE1005,PERU - APURIMAC,PE,172,20230221,20230221
2134,XPE1100,PERU - ICA,PE,172,20230221,20230221
2135,XPE1200,PERU - AREQUIPA,PE,172,20230221,20230221
2136,XPE1202,PERU - MOQUEGUA,PE,172,20230221,20230221
2137,XPE1203,PERU - TACNA,PE,172,20230221,20230221
2138,XPE9800,PERU - ENTIRE COUNTRY(FLOOD),PE,172,20230221,20230221
2139,XPE9900,PERU - ENTIRE COUNTRY(WINDSTORM),PE,172,20230221,20230221
2140,XPY9800,PARAGUAY - ENTIRE COUNTRY (FLOOD),PY,184,20230221,20230221
2141,XSV0000,EL SALVADOR - ENTIRE COUNTRY(EQ),SV,207,20230221,20230221
2142,XSV0100,EL SALVADOR - DEPARTAMENTO DE SAN SALVADOR,SV,207,20230221,20230221
2143,XSV0200,EL SALVADOR - RESTO DEL PAIS,SV,207,20230221,20230221
2144,XSV9800,EL SALVADOR - ENTIRE COUNTRY(FLOOD),SV,207,20230221,20230221
2145,XSV9900,EL SALVADOR - ENTIRE COUNTRY(WINDSTORM),SV,207,20230221,20230221
2146,XUY9800,URUGUAY - ENTIRE COUNTRY (FLOOD),UY,229,20230221,20230221
2147,XVE0000,VENEZEULA - ENTIRE COUNTRY(EQ),VE,233,20230221,20230221
2148,XVE0100,VENEZEULA - COUNTRY CLUB/CHACAO/LA CARLOTA,VE,233,20230221,20230221
2149,XVE0200,VENEZEULA - COTIZA/AVILA/PETARE/EL ROSAL/LA VEGA,VE,233,20230221,20230221
2150,XVE0300,VENEZEULA - RESTO DEL VALLE DE CARACAS,VE,233,20230221,20230221
2151,XVE0400,VENEZEULA - DPTO. VARGAS,VE,233,20230221,20230221
2152,XVE0500,VENEZEULA - DTOS. GUAICAIPURO/PLAZA/ZAMORA/LANDER,VE,233,20230221,20230221
2153,XVE0600,VENEZEULA - MARACAY,VE,233,20230221,20230221
2154,XVE0700,VENEZEULA - VALENCIA,VE,233,20230221,20230221
2155,XVE0800,VENEZEULA - RESTO DE REGION CENTRO - NORTE COSTERA,VE,233,20230221,20230221
2156,XVE0900,VENEZEULA - BARQUISIMENTO,VE,233,20230221,20230221
2157,XVE1000,VENEZEULA - RESTO DE REGION CENTRO - OCCIDENTAL,VE,233,20230221,20230221
2158,XVE1100,VENEZEULA - SAN CRISTOBAL,VE,233,20230221,20230221
2159,XVE1200,VENEZEULA - RESTO DE REGION DE LOS ANDES,VE,233,20230221,20230221
2160,XVE1300,VENEZEULA - MARACAIBO,VE,233,20230221,20230221
2161,XVE1400,VENEZEULA - RESTO DE REGION ZULIANA,VE,233,20230221,20230221
2162,XVE1500,VENEZEULA - RESTO DE REGION DE LOS LLANOS CENTRALES,VE,233,20230221,20230221
2163,XVE1600,VENEZEULA - REGION INSULAR,VE,233,20230221,20230221
2164,XVE1700,VENEZEULA - REGION NOR - ORIENTAL,VE,233,20230221,20230221
2165,XVE1800,VENEZEULA - CIUDAD BOLIVAR Y CIUDAD GUYANA,VE,233,20230221,20230221
2166,XVE1900,VENEZEULA - RESTO DE REGION GUAYANA Y REGION SUR,VE,233,20230221,20230221
2167,XVE9800,VENEZEULA - ENTIRE COUNTRY(FLOOD),VE,233,20230221,20230221
2168,XVE9900,VENEZEULA - ENTIRE COUNTRY(WINDSTORM),VE,233,20230221,20230221
2169,XVI9900,U.S.VIRGIN ISLANDS - ENTIRE COUNTRY (WINDSTORM),VI,235,20230221,20230221
